DROP TABLE IF EXISTS "states", "consumers", "countries", "employees", "inventory", "orders", "orderlines";

CREATE TABLE "states" (
  "StateID" varchar(2) NOT NULL,
  "StateName" varchar(20) NOT NULL,
  "TaxRate" real DEFAULT NULL,
  "Population" int DEFAULT NULL,
  "LandArea" int DEFAULT NULL,
  "WebURL" varchar(50) DEFAULT NULL,
  PRIMARY KEY ("StateID")
);

INSERT INTO "states" VALUES ('AK','Alaska',0.0000,643786,571951,'www.state.ak.us'),('AL','Alabama',0.0400,4486508,50744,'alaweb.asc.edu'),('AR','Arkansas',0.0450,2710079,52068,'www.state.ar.us'),('AZ','Arizona',0.0500,5456453,113635,'www.state.az.us'),('CA','California',0.0725,35116033,155959,'www.state.ca.us'),('CO','Colorado',0.0300,4506542,103718,'www.state.co.us'),('CT','Connecticut',0.0600,3460503,5009,'www.connecticut.com'),('DC','District of Columbia',0.0600,606900,61,'www.dc.gov'),('DE','Delaware',0.0000,807385,2057,'www.state.de.us'),('FL','Florida',0.0600,16713149,58560,'www.state.fl.us'),('GA','Georgia',0.0400,8560310,58876,'www.state.ga.us'),('HI','Hawaii',0.0400,1244898,6450,'www.state.hi.us'),('IA','Iowa',0.0500,2936760,56290,'www.state.ia.us'),('ID','Idaho',0.0500,1341131,83557,'www.state.id.us'),('IL','Illinois',0.0625,12600620,56400,'www.state.il.us'),('IN','Indiana',0.0700,6159068,36291,'www.state.in.us'),('KS','Kansas',0.0490,2715884,82264,'www.state.ks.us'),('KY','Kentucky',0.0600,4092891,40395,'www.state.ky.us'),('LA','Louisiana',0.0400,4482646,48523,'www.state.la.us'),('MA','Massachusetts',0.0500,6427801,8257,'www.state.ma.us'),('MD','Maryland',0.0500,5458137,10577,'www.state.md.us'),('ME','Maine',0.0600,1294464,33215,'www.state.me.us'),('MI','Michigan',0.0600,10050446,58216,'www.state.mi.us'),('MN','Minnesota',0.0650,5019720,84068,'www.state.mn.us'),('MO','Missouri',0.0422,5672579,69686,'www.state.mo.us'),('MS','Mississippi',0.0700,2871782,47716,'www.state.ms.us'),('MT','Montana',0.0000,909453,147138,'www.state.mt.us'),('NC','North Carolina',0.0400,8320146,52586,'www.state.nc.us'),('ND','North Dakota',0.0500,634110,70665,'www.state.nd.us'),('NE','Nebraska',0.0500,1729180,77227,'www.state.ne.us'),('NH','New Hampshire',0.0000,1275056,9304,'www.state.nh.us'),('NJ','New Jersey',0.0600,8590300,7836,'www.state.nj.us'),('NM','New Mexico',0.0500,1855059,121666,'www.state.nm.us'),('NV','Nevada',0.0650,2173491,110540,'www.state.nv.us'),('NY','New York',0.0400,19157532,49576,'www.state.ny.us'),('OH','Ohio',0.0500,11421267,41222,'www.state.oh.us'),('OK','Oklahoma',0.0450,3493714,69919,'www.state.ok.us'),('OR','Oregon',0.0000,3521515,96981,'www.state.or.us'),('PA','Pennsylvania',0.0600,12335091,45333,'www.state.pa.us'),('RI','Rhode Island',0.0700,1069725,1214,'www.state.ri.us'),('SC','South Carolina',0.0500,4107183,31055,'www.state.sc.us'),('SD','South Dakota',0.0400,761063,77047,'www.state.sd.us'),('TN','Tennessee',0.0600,5797289,42244,'www.state.tn.us'),('TX','Texas',0.0625,21779893,267338,'www.state.tx.us'),('UT','Utah',0.0587,2316256,84916,'www.state.ut.us'),('VA','Virginia',0.0350,7293542,40817,'www.state.va.us'),('VT','Vermont',0.0500,616592,9609,'www.state.vt.us'),('WA','Washington',0.0650,6068996,68192,'www.state.wa.us'),('WI','Wisconsin',0.0500,5441196,56154,'www.state.wi.us'),('WV','West Virginia',0.0600,1801873,24181,'www.state.wv.us'),('WY','Wyoming',0.0400,498703,97914,'www.state.wy.us');

CREATE TABLE "consumers" (
  "ConsumerID" int NOT NULL,
  "FirstName" varchar(30) NOT NULL,
  "LastName" varchar(30) NOT NULL,
  "Street" varchar(50) DEFAULT NULL,
  "City" varchar(50) DEFAULT NULL,
  "State" varchar(2) DEFAULT NULL,
  "Zipcode" varchar(5) DEFAULT NULL,
  "Phone" varchar(20) DEFAULT NULL,
  "Fax" varchar(20) DEFAULT NULL,
  "CreditLimit" int DEFAULT NULL,
  PRIMARY KEY ("ConsumerID"),
  CONSTRAINT "fk_Consumers_States" FOREIGN KEY ("State") REFERENCES "states" ("StateID") ON DELETE CASCADE
);

INSERT INTO "consumers" VALUES (30121,'F. Stanley','Best','2800 Cantrell Road','Little Rock','AR','72202','(501) 555-6079','(501) 555-6111',NULL),(30125,'Duane A.','Maul','1502 East Walnut','Seguin','TX','78155','(210) 555-1483','(210) 555-1539',10000),(30129,'Alan J.','Rigas','Demishphere Center','Newark','NJ','07114','(201) 555-1311','(201) 555-1395',NULL),(30132,'T. Peter','Murray','1070 East Main Street','Owosso','MI','48867','(517) 555-7364','(517) 555-7430',NULL),(30136,'Carl E.','Shelton','411 First Avenue South','Oklahoma City','OK','73102','(405) 555-1168','(405) 555-1228',NULL),(30139,'David','Golkin','422 Wards Corner Road','Phoenix','AZ','85012','(602) 555-6141','(602) 555-6232',NULL),(30142,'Jack R. Jr.','Kostantaras','1100 Milwaukee Avenue','South Milwaukee','WI','53172','(414) 555-4031','(414) 555-4047',NULL),(30144,'Terrence','Gerson','2155 Monroe Drive Northeast','Washington','DC','20005','(202) 555-9539','(202) 555-9606',NULL),(30147,'Patrick J.','Townes','5555 West 78Th Street','Edina','MN','55439','(612) 555-1891','(612) 555-1950',NULL),(30148,'Frank A.','Montrone','1400 Page Mill Road','Palo Alto','CA','94304','(415) 555-2429','(415) 555-2481',NULL),(30153,'Robert','Choate','150 Marcus Boulevard','Hauppauge','NY','11788','(516) 555-7769','(516) 555-7793',NULL),(30155,'Dennis P.','Crist','1328 Racine Street','Racine','WI','53403','(414) 555-4052','(414) 555-4151',NULL),(30158,'Richard E.','Huff','300 Firebug Parkway','Westborough','MA','01581','(508) 555-7017','(508) 555-7057',NULL),(30163,'John M.','Hart','3008 Monticello Boulevard','Cleveland Heights','OH','44118','(216) 555-4073','(216) 555-4091',NULL),(30164,'Alex W.','Hill','11 Robinson Street','Pottstown','PA','19464','(610) 555-4629','(610) 555-4707',NULL),(30168,'John D.','McMeel','2120 South 72Nd Street','Omaha','NE','68124','(402) 555-9213','(402) 555-9296',NULL),(30170,'Lynn H.','Crosley','1000 East Main Street','Denver','CO','80222','(303) 555-9541','(303) 555-9553',NULL),(30174,'L. H.','Harber','Nelson Place At Elm Hill','Nashville','TN','37214','(615) 555-9079','(615) 555-9147',5000),(30177,'Roger A.','Bauer','400 Cox Road','Gastonia','NC','28053','(704) 555-6753','(704) 555-6826',NULL),(30183,'James D.','Garcia','102 Westside Boulevard','North West Roanoke','VA','24017','(703) 555-1909','(703) 555-2007',NULL),(30186,'Robert R.','Graf','100 Borland Way','Scotts Valley','CA','95066','(408) 555-1066','(408) 555-1125',NULL),(30190,'Clifford M.','Tobin','1275 Wampanoag Trail','East Providence','RI','2915','(401) 555-5537','(401) 555-5541',NULL),(30193,'John J.','Bluhm','5600 Beech Tree Lane','Caledonia','MI','49316','(616) 555-3030','(616) 555-3043',NULL),(30195,'Fred E.','Dargene','5310 Street Joseph Avenue','St Joseph','MO','64505','(816) 555-3227','(816) 555-3261',NULL),(30197,'Jack','Riebman','26 North Cedar Street','Lititz','PA','17543','(717) 555-4758','(717) 555-4801',NULL),(30201,'C. J.','Gilburne','7575 Market Place Drive','Eden Prairie','MN','55344','(612) 555-1105','(612) 555-1141',NULL),(30205,'Ann M.','Dattillo','411 First Avenue South','Seattle','WA','98104','(206) 555-5556','(206) 555-5643',NULL),(30206,'W. Phil','Gordon','One Rollins Plaza','Wilmington','DE','19803','(302) 555-2760','(302) 555-2775',5000),(30211,'Alan R.','Weir','9135 Guilford Road','Columbia','MD','21046','(410) 555-9151','(410) 555-9231',NULL),(30212,'Jerry','Choong','733 South West Street','Indianapolis','IN','46225','(317) 555-6762','(317) 555-6805',5000),(30217,'Julian N.','Brown','3108 Central Drive','Plant City','FL','33567','(813) 555-4729','(813) 555-4794',NULL),(30221,'Andrew R.','Bianco','1400 Mcdonald Investment','Cleveland','OH','44114','(216) 555-2368','(216) 555-2393',1000),(30225,'Neil G.','Woltz','Dain Bosworth Plaza','Pleasanton','CA','94588','(510) 555-6208','(510) 555-6299',10000),(30228,'William R.','Fancher','Hermitage Square','Hermitage','PA','16148','(412) 555-6028','(412) 555-6029',5000),(30231,'Robert R.','Gray','1100 Corporate Square Drive','St Louis','MO','63132','(314) 555-7041','(314) 555-7105',5000),(30234,'Carl J.','Devries','24 Federal Street','Boston','MA','02110','(617) 555-8263','(617) 555-8334',NULL),(30239,'Lon V.','Menger','1650 Prudential Drive','Jacksonville','FL','32201','(904) 555-6656','(904) 555-6665',NULL),(30244,'Joseph C.','Cain','Number One South Jersey Place','Folsom','NJ','08037','(609) 555-9017','(609) 555-9063',NULL),(30248,'Paul G.','Bennett','8621 North Rockwell Avenue','Oklahoma City','OK','73132','(405) 555-6574','(405) 555-6635',NULL),(30249,'D. S.','Wilkerson','501 Seventh Street','Rockford','IL','61104','(815) 555-2284','(815) 555-2343',NULL),(30250,'Jeffrey A.','Diaz','2550 Huntington Avenue','Buffalo Grove','IL','60089','(708) 555-8327','(708) 555-8328',NULL),(30253,'Michael E.','Niner','Mgic Plaza','Milwaukee','WI','53202','(414) 555-6492','(414) 555-6568',NULL),(30255,'John W.','Shaw','421 East 30Th Avenue','Berwyn','PA','19312','(610) 555-4864','(610) 555-4961',NULL),(30258,'Eugene','Lebuhn','120 Brighton Road','Clifton','NJ','07012','(201) 555-5666','(201) 555-5737',1000),(30260,'James A.','Aufox','Brevard Road','Asheville','NC','28813','(704) 555-4177','(704) 555-4237',NULL),(30262,'John P.','Taylor','2789 Northpoint Parkway','Santa Rosa','CA','95407','(707) 555-6445','(707) 555-6453',NULL),(30266,'William R.','Shaw','90 Orville Drive','Bohemia','NY','11716','(516) 555-9567','(516) 555-9652',NULL),(30270,'Ronald L.','Winokur','817 North Frio Street','San Antonio','TX','78207','(210) 555-7661','(210) 555-7675',NULL),(30271,'James F.','Groen','626 East Wisconsin Avenue','Milwaukee','WI','53202','(414) 555-7049','(414) 555-7073',NULL),(30276,'Joseph, Jr.','Leader','180 North Executive Drive','Dallas','TX','75206','(214) 555-5891','(214) 555-5945',NULL),(30277,'Antoino R.','Doig','One Galleria Tower','Dallas','TX','75240','(214) 555-8641','(214) 555-8710',NULL),(30281,'Alan E.','Benik','65 Rowayton Avenue','Rowayton','CT','06853','(203) 555-7475','(203) 555-7504',NULL),(30283,'Dennis G.','Ungerer','2768 Colony Park Drive','Memphis','TN','38118','(901) 555-9341','(901) 555-9375',NULL),(30288,'Paul M.','McNamara','6920 Seaway Boulevard','San Ramon','CA','94583','(510) 555-4533','(510) 555-4559',NULL),(30291,'James R.','Ellingboe','Technology Park','Louisville','KY','40207','(502) 555-2181','(502) 555-2233',10000),(30295,'John P.','Morgan','550 Route 202-206','Bedminster','NJ','07921','(908) 555-5421','(908) 555-5446',NULL),(30300,'Keith C.','Grove','2000 Eastman Drive','Milford','OH','45150','(513) 555-2474','(513) 555-2505',NULL),(30303,'Thomas','Drachman','1944 Valley Avenue','Winchester','VA','22601','(703) 555-6715','(703) 555-6783',NULL),(30307,'Lennert J.','Phifer','767 Fifth Avenue','New York','NY','10153','(212) 555-2281','(212) 555-2380',NULL),(30312,'Barton J.','Smuland','411 Eagleview Boulevard','Exton','PA','19341','(610) 555-5528','(610) 555-5595',NULL),(30319,'Jane E.','Snow','1844 Ferry Road','Pleasanton','CA','94588','(510) 555-9939','(510) 555-9946',NULL),(30322,'Lee B.','Fethe','1901 West 2100 South','Salt Lake City','UT','84119','(801) 555-2506','(801) 555-2562',NULL),(30325,'Richard T.','Smith','1180 American Drive','Neenah','WI','54956','(414) 555-2377','(414) 555-2436',NULL),(30330,'Tomas E.','Horner','667 Madison Avenue','Lake Forest','IL','60045','(708) 555-6104','(708) 555-6167',1000),(30335,'R. David','Font','Northern Lights Boulevard','Anchorage','AK','99503','(907) 555-1146','(907) 555-1205',NULL),(30339,'Edward A.','Gilcrest','300 High Street','Hamilton','OH','45011','(513) 555-4703','(513) 555-4784',1000),(30343,'Jeffrey A.','Kirk','6630 West Broad Street','Sarasota','FL','34236','(813) 555-5295','(813) 555-5388',NULL),(30345,'Richard G.','Fuller','8233 Baumgart Road','Indianapolis','IN','46240','(317) 555-6903','(317) 555-6980',NULL),(30349,'John L.','Keller','700 East Middlefield Road','Mountain View','CA','94043','(415) 555-5016','(415) 555-5054',NULL),(30355,'Joseph J.','Alward','Two North Nevada Avenue','Colorado Springs','CO','80903','(719) 555-2310','(719) 555-2322',NULL),(30359,'John R.','Haines','4100 Bohannon Drive','Dallas','TX','75240','(214) 555-7909','(214) 555-7959',NULL),(30365,'Samuel A.','Farris','212 12Th Avenue Northeast','Hickory','NC','28601','(704) 555-5417','(704) 555-5429',1000),(30370,'William A.','Holtz','2120 South 72Nd Street','Morrisville','NC','27560','(919) 555-9820','(919) 555-9853',NULL),(30372,'Paul','Galin','One Gbc Plaza','Irving','TX','75062','(214) 555-8928','(214) 555-8955',NULL),(30377,'William E.','Pauley','475 Steamboat Road','Greenwich','CT','06830','(203) 555-3228','(203) 555-3235',NULL),(30378,'Gunnar','Edelstein','3501 Jamboree Road','Newport Beach','CA','92660','(714) 555-3431','(714) 555-3457',NULL),(30382,'George S.','Brown','1400 Shelburne Road','South Burlington','VT','5403','(802) 555-1030','(802) 555-1087',NULL),(30385,'Tina C.','Lynch','33325 8Th Avenue South','Richmond','VA','23233','(804) 555-2478','(804) 555-2531',NULL),(30389,'Bruce C.','Falzon','One Whitehall Street','New York','NY','10004','(212) 555-3331','(212) 555-3393',500),(30391,'John A.','Ferraro','888 Seventh Avenue','New York','NY','10106','(212) 555-6471','(212) 555-6493',NULL),(30403,'John F.','McCullum','909 Third Avenue','New York','NY','10022','(212) 555-3126','(212) 555-3187',NULL),(30407,'John F.','Kent','Four Greenwich Office Par','Greenwich','CT','6830','(203) 555-3205','(203) 555-3253',NULL),(30409,'Chester H.','Wise','716 West White Horse Pike','Cologne','NJ','08213','(609) 555-1162','(609) 555-1221',NULL),(30411,'Stanley F.','Selden','625 Alaska Avenue','Torrnce','CA','90503','(310) 555-8444','(310) 555-8468',10000),(30415,'John P.','Kurcik','303 North Oregon Street','El Paso','TX','79901','(915) 555-5731','(915) 555-5830',NULL),(30418,'Jerry M.','Rigas','27217 County Road 6','Elkhart','IN','46515','(219) 555-4568','(219) 555-4667',NULL),(30421,'John A.','Kelley','175 Price Parkway','Farmingdale','NY','11735','(516) 555-6939','(516) 555-6972',NULL),(30424,'Tery L.','Hanlon','555 College Road East','Princeton','NJ','08543','(609) 555-4238','(609) 555-4241',NULL),(30429,'James P.','McKenzie','109 West Fifth Street','Panama City','FL','32402','(904) 555-1695','(904) 555-1716',NULL),(30431,'Gordon A.','Weil','One Tower Lane','Plymouth Meeting','PA','19462','(610) 555-7273','(610) 555-7298',1000),(30433,'Orby G.','Turner','5100 Patrick Henry Drive','Santa Clara','CA','95054','(408) 555-4024','(408) 555-4118',NULL),(30435,'R. Gene','Robinson','309-D Raleigh Street','Wilmington','NC','28412','(910) 555-4337','(910) 555-4410',NULL),(30437,'Andrew J.','Moore','1800 Gardner Expressway','Quincy','IL','62301','(217) 555-5418','(217) 555-5511',NULL),(30444,'Opal P.','Ferrero','202 Fremont Street','Las Vegas','NV','89101','(702) 555-4046','(702) 555-4120',NULL),(30448,'William L.','Richer','19805 North Creek Parkway','Bothell','WA','98041','(206) 555-4885','(206) 555-4921',NULL),(30449,'Taka','Mattingly','14156 Magnolia Boulevard','Charlotte','NC','28202','(704) 555-7431','(704) 555-7521',NULL),(30454,'Larry D.','Burman','P O Box 35','Goshen','IN','46527','(219) 555-4491','(219) 555-4495',NULL),(30458,'William A.','Neal','900 North Michigan Avenue','Chicago','IL','60611','(312) 555-4863','(312) 555-4961',1000),(30461,'Robert A.','Fleck','8201 Beverly Boulevard','Los Angeles','CA','90048','(213) 555-3405','(213) 555-3458',NULL),(30463,'John N.','Landon','9600 Aldrich Avenue South','Concord','CA','94520','(510) 555-1363','(510) 555-1440',NULL),(30464,'Ward L., Jr.','Wang','Telesis Tower','San Francisco','CA','94111','(415) 555-3849','(415) 555-3861',NULL),(30465,'Ann','Borg','One Natures Way','Wilmington','MA','01887','(508) 555-5027','(508) 555-5050',NULL),(30469,'Raymond A.','Foos','740 South Decatur Boulevard','Las Vegas','NV','89107','(702) 555-5263','(702) 555-5326',NULL),(30473,'John K.','El-Hillow','1200 West Marlboro Road','Savannah','GA','31411','(912) 555-7817','(912) 555-7838',500),(30474,'Gary P.','Van Eck','2550 West Golf Road','Rolling Meadows','IL','60008','(708) 555-1930','(708) 555-2019',NULL),(30476,'James P.','Smith','2550 East 25Th Street','Houston','TX','77019','(713) 555-6257','(713) 555-6340',NULL),(30482,'Paul J.','Wade','8737 Wilshire Boulevard','Beverly Hills','CA','90211','(310) 555-4944','(310) 555-4980',NULL),(30484,'Robert','Brandt','2550 Huntington Avenue','Alexandria','VA','22303','(703) 555-4623','(703) 555-4662',NULL),(30488,'Dennis','Barrett','1150 Sheldahl Road','Northfield','MN','55057','(507) 555-8018','(507) 555-8059',7500),(30492,'Robert J.','Swenson','Highway 265 North','Springdale','AR','72765','(501) 555-1753','(501) 555-1823',NULL),(30493,'Clyde E.','Christie','680 East Swedesford Road','Wayne','PA','19087','(215) 555-1068','(215) 555-1102',NULL),(30498,'Ernest','Sobie','368 Pleasant View Drive','Lancaster','NY','14086','(716) 555-8128','(716) 555-8220',7500),(30503,'Peter','Harmeling','2201 Laurelwood Road','Santa Clara','CA','95056','(408) 555-8008','(408) 555-8038',NULL),(30506,'Janice','Kendig','6700 Alexander Bell Drive','Columbia','MD','21046','(410) 555-2360','(410) 555-2437',NULL),(30511,'Burl','Brunner','235 West Turbo','San Antonio','TX','78216','(210) 555-3075','(210) 555-3150',NULL),(30515,'Anthony C.','Bown','22 North Sixth Street','Indiana','PA','15701','(412) 555-7243','(412) 555-7317',NULL),(30519,'Miles','Harrison','1400 Division Road','West Warwick','RI','02893','(401) 555-6333','(401) 555-6336',500),(30521,'Terry L.','Purser','1330 Post Oak Boulevard','Houston','TX','77056','(713) 555-6576','(713) 555-6595',10000),(30523,'James F.','Womble','7301 Fairview','Houston','TX','77041','(713) 555-7798','(713) 555-7895',NULL),(30528,'Lowell T.','Mannion','24460 Aurora Road','Bedford Heights','OH','44146','(216) 555-1860','(216) 555-1867',NULL),(30531,'Michael P.','Golder','8500 West 110Th Street','Overland Park','KS','66210','(913) 555-4791','(913) 555-4792',NULL),(30534,'J. Mack','Blanscet','2301 West Lafayette Blvd','Detroit','MI','48216','(313) 555-2417','(313) 555-2492',NULL),(30539,'Harold','Friedman','1 Sunamerica Center','Los Angeles','CA','90067','(310) 555-6061','(310) 555-6160',1000),(30543,'George','Cole','145 Mason Street','Greenwich','CT','6830','(203) 555-5141','(203) 555-5195',NULL),(30547,'G. Steven','Wright','600 Third Avenue','Houston','TX','77084','(713) 555-5681','(713) 555-5740',NULL),(30551,'Harold','Smith','One Neenah Center','Neenah','WI','54956','(414) 555-8645','(414) 555-8672',NULL),(30552,'Joseph','Stern','1445 Valley Road','Wayne','NJ','07474','(201) 555-8828','(201) 555-8925',NULL),(30554,'Robert A.','Knecht','2095 Batavia Street','Houston','TX','77056','(713) 555-1020','(713) 555-1082',NULL),(30556,'John','Markland','10500 Westoffice Drive','Long Beach','CA','90802','(310) 555-4509','(310) 555-4554',NULL),(30559,'Audrey Y.','Kane','11440 Commerce Park Drive','Dallas','TX','75247','(214) 555-1843','(214) 555-1913',NULL),(30563,'James T.','Storch','One North University Drive','Fort Lauderdale','FL','33324','(305) 555-9601','(305) 555-9632',NULL),(30565,'Oran F.','Moran','One Magnum Pass','Mobile','AL','36618','(334) 555-4364','(334) 555-4461',NULL),(30573,'Harris I.','Melone','7850 North Belt Line Road','Irving','TX','75063','(214) 555-3467','(214) 555-3561',NULL),(30576,'Earl J.','Schlessman','337 Encinal Street','Santa Cruz','CA','95061','(408) 555-6081','(408) 555-6176',NULL),(30581,'Stanley C.','Lappin','3043 Walton Road','Plymouth Meeting','PA','19462','(610) 555-9050','(610) 555-9091',5000),(30583,'Robert','Osment','2030 Donahue Ferry Road','Pineville','LA','71360','(318) 555-7417','(318) 555-7429',NULL),(30584,'Ray','Merrick','2001 Theurer Boulevard','Reno','NV','89509','(702) 555-3408','(702) 555-3455',NULL),(30589,'John C.','Clancey','Number 1 Main Street','Las Vegas','NV','89125','(702) 555-2149','(702) 555-2190',NULL),(30592,'R. Kirk','Morgan','3800 Frederica Street','Owensboro','KY','42301','(502) 555-8713','(502) 555-8761',NULL),(30594,'Michael P.','Hagan','16071 Mojave Drive','Victorville','CA','92392','(619) 555-5231','(619) 555-5237',NULL),(30596,'Andre R.','Goldin','12300 Parc Crest Drive','Stafford','TX','77477','(713) 555-3377','(713) 555-3408',500),(30599,'Philip B.','Green','4401 Fair Lakes Court','Fairfax','VA','22033','(703) 555-8520','(703) 555-8586',NULL),(30602,'Don W.','Rudolph','215 South Cascade Street','Fergus Falls','MN','56538','(218) 555-8206','(218) 555-8299',NULL),(30606,'R. S.','Harrison','1245 Route 1 South','Edison','NJ','08837','(908) 555-5516','(908) 555-5535',10000),(30609,'Martin J.','Mathias','10 Highway 35','Red Bank','NJ','07701','(908) 555-7881','(908) 555-7956',NULL),(30610,'Gerald W.','Moses','1401 South Hanley Road','Kansas City','MO','64117','(816) 555-1054','(816) 555-1127',NULL),(30613,'Arie','Van Noy','State Docks Road','Eufaula','AL','36027','(205) 555-2085','(205) 555-2095',NULL),(30615,'Joseph J.','Pampel','5037 East Hunter Avenue','Anaheim','CA','92807','(714) 555-8133','(714) 555-8138',NULL),(30620,'Paul','Recanati','3920 Park Avenue','Edison','NJ','08820','(908) 555-1124','(908) 555-1129',NULL),(30621,'John P.','Kennedy','650 Davis Street','San Francisco','CA','94111','(415) 555-6038','(415) 555-6049',NULL),(30626,'Gary S.','Ross','220 Edison Way','Reno','NV','89502','(702) 555-3843','(702) 555-3904',500),(30630,'Peter L.','Nolf','800 Fifth Avenue','New Brighton','PA','15066','(412) 555-8231','(412) 555-8232',NULL),(30635,'Harry D., Ii','Rosso','75 Tonawanda Street','Buffalo','NY','14207','(716) 555-6081','(716) 555-6110',10000),(30636,'David I. J.','Boss','19 Fid Kennedy Avenue','Boston','MA','02210','(617) 555-2148','(617) 555-2203',NULL),(30637,'John L.','Harder','Anaconda Tower','San Francisco','CA','94111','(415) 555-2766','(415) 555-2783',NULL),(30642,'Donald P.','Rothman','575 Herndon Parkway','Dallas','TX','75219','(214) 555-5651','(214) 555-5738',NULL),(30646,'David P.','Helton','9 West 57Th Street','New York','NY','10019','(212) 555-3049','(212) 555-3075',NULL),(30648,'Marvin C.','Leary','470 Wildwood Street','Woburn','MA','01888','(617) 555-1030','(617) 555-1089',NULL),(30653,'Roland D.','Becker','1000 University Avenue','Rochester','NY','14692','(716) 555-1053','(716) 555-1096',NULL),(30655,'Richard G.','Ray','717 Main Street','Westbury','NY','11590','(516) 555-8279','(516) 555-8298',NULL),(30660,'James B.','Coe','1108 Fifth Avenue','San Rafael','CA','94901','(415) 555-8003','(415) 555-8048',NULL),(30664,'Barry L.','Haines','Unimark House','Argyle','TX','76226','(817) 555-3070','(817) 555-3072',NULL),(30667,'Richard C.','Carver','1700 Farnam Street','Dallas','TX','75243','(214) 555-6198','(214) 555-6207',NULL),(30670,'Gerald J.','Meyer','1400-580 Building','Cincinnati','OH','45202','(513) 555-4021','(513) 555-4057',NULL),(30675,'Scott B.','Wickman','Rodney Square North','Itasca','IL','60143','(708) 555-7481','(708) 555-7548',10000),(30678,'Michael','Mendelson','305 Richardson Road','San Francisco','CA','94104','(415) 555-4535','(415) 555-4606',NULL),(30681,'Joel, M.','Kurtz','3637 Lacon Road','Hilliard','OH','43026','(614) 555-2452','(614) 555-2511',10000),(30683,'Grant W.','Rubin','15370 Barranca Parkway','Irvine','CA','92718','(714) 555-9976','(714) 555-1005',NULL),(30686,'Lucille A.','Whaley','100 West Front Street','Hattiesburg','MS','39401','(601) 555-4736','(601) 555-4758',NULL),(30689,'John E.','Evans','303 Peachtree Street North','Columbus','OH','43215','(614) 555-3202','(614) 555-3247',10000),(30697,'Jerry','Brainerd','909 Third Avenue','New York','NY','10022','(212) 555-7856','(212) 555-7908',NULL),(30699,'Irving H.','Swenson','4685 Frederick Drive South','Atlanta','GA','30336','(404) 555-1726','(404) 555-1778',NULL),(30702,'R. S.','Holleger','265 Broad Hollow Road','Melville','NY','11747','(516) 555-6017','(516) 555-6090',NULL),(30706,'H. Ray','Kuruc','1440 M Street','Lincoln','NE','68508','(402) 555-2245','(402) 555-2304',NULL),(30709,'William L.','Bain','13155 Noel Road','Dallas','TX','75240','(214) 555-4007','(214) 555-4104',NULL),(30712,'J. Michael','Baker','Two Greenwich Plaza','Greenwich','CT','6830','(203) 555-1936','(203) 555-2018',NULL),(30717,'David L.','Hulse','19119 16Th Avenue South','Midland','TX','79701','(915) 555-4790','(915) 555-4843',NULL),(30719,'Juggy','Dignum','368 Pleasant View Drive','Houston','TX','77056','(713) 555-6036','(713) 555-6099',NULL),(30722,'Philip L.','Kearney','660 Engineering Drive','Norcross','GA','30092','(404) 555-9249','(404) 555-9297',NULL),(30724,'James E.','Connor','30300 Telegraph Road','Bingham Farms','MI','48025','(810) 555-6958','(810) 555-7014',NULL),(30733,'Jean Pierre','Quain','2101 Citywest Boulevard','Houston','TX','77042','(713) 555-8821','(713) 555-8904',NULL),(30735,'Robert W.','Reedy','200 Old Hook Road','Harrington Park','NJ','07640','(201) 555-9516','(201) 555-9610',NULL),(30739,'Raymond A.','Hall','1112 Georgia Highway 140','Armuchee','GA','30105','(706) 555-8447','(706) 555-8496',NULL),(30741,'C. Eugene','Day','10000 Alliance Road','Cincinnati','OH','45242','(513) 555-3261','(513) 555-3288',5000),(30744,'S. C., Jr.','Roth','10 North Pearl Street','Albany','NY','12207','(518) 555-2165','(518) 555-2214',7500),(30747,'Luciano','Hancock','800 Saginaw Drive','Redwood City','CA','94063','(415) 555-4435','(415) 555-4476',NULL),(30750,'George E.','Lane','400 Encinal Street','Santa Cruz','CA','95060','(408) 555-7250','(408) 555-7309',NULL),(30755,'Peter J.','Bodager','1730 Briercroft Drive','Carrollton','TX','75006','(214) 555-5069','(214) 555-5112',10000),(30756,'Terry L.','Harvey','P.O. Box 717','Pittsburgh','PA','15230','(412) 555-6737','(412) 555-6830',NULL),(30758,'Julian','McCarthy','30000 Aurora Road','Solon','OH','44139','(216) 555-1016','(216) 555-1088',NULL),(30760,'Jim L.','Smalls','211 Main Street','Webster','MA','01570','(508) 555-9037','(508) 555-9090',NULL),(30763,'William K.','Heil','10300 Campus Point Drive','San Diego','CA','92121','(619) 555-7057','(619) 555-7071',NULL),(30766,'Brian R.','Mac Nee','One Meadowlands Plaza','East Rutherford','NJ','07073','(201) 555-3079','(201) 555-3119',NULL),(30771,'Eugene E.','Forney','700 North Street','Jackson','MS','39202','(601) 555-7554','(601) 555-7595',500),(30774,'Jay','Craft','5700 West 96Th Street','Los Angeles','CA','90045','(213) 555-2571','(213) 555-2575',NULL),(30777,'Louis E.','Pace','1385 Akron Street','Copiague','NY','11726','(516) 555-5082','(516) 555-5180',NULL),(30780,'Karl E.','Lear','11701 Northwest 101st Road','Miami','FL','33178','(305) 555-1611','(305) 555-1642',NULL),(30784,'John P.','Meyer','6801 Black Horse Pike','Miami','FL','33133','(305) 555-2253','(305) 555-2279',NULL),(30786,'Robert G.','Weiss','3600 Euclid Avenue','Houston','TX','77056','(713) 555-9209','(713) 555-9256',NULL),(30788,'William H.','Sitarz','75 Valencia Avenue','Coral Gables','FL','33134','(305) 555-3250','(305) 555-3320',NULL),(30790,'Andrew F.','Hall','3705 Quakerbridge Road','Mercerville','NJ','08619','(609) 555-3030','(609) 555-3062',NULL),(30794,'Gary R.','Ockene','25701 Science Park Drive','Cleveland','OH','44122','(216) 555-3435','(216) 555-3527',500),(30799,'Virgil B.','Fox','11411 Price Road','Hebron','IL','60034','(815) 555-2438','(815) 555-2499',NULL),(30802,'Rodney L.','Ivan','81 Wyman Street','Waltham','MA','02254','(617) 555-1040','(617) 555-1103',NULL),(30804,'Russell H.','Herd','50 Front Street','Memphis','TN','38103','(901) 555-4131','(901) 555-4185',NULL),(30807,'Stuart C.','Hesse','441 West Elm Street','Lebanon','MO','65536','(417) 555-2148','(417) 555-2161',NULL),(30810,'Scott','Cocce','300 Baker Avenue','Concord','MA','01742','(508) 555-7057','(508) 555-7129',5000),(30812,'Stewart','Combs','10435 Downsville Pike','Hagerstown','MD','21740','(301) 555-3447','(301) 555-3534',NULL),(30815,'Robert C.','Shaich','Amsouth-Sonat Tower','Arlington Heights','IL','60004','(708) 555-4613','(708) 555-4655',NULL),(30819,'Daniel P.','Carroll','910 Sylvan Avenue','Englewood Cliffs','NJ','07632','(201) 555-4632','(201) 555-4641',NULL),(30824,'Alan L.','Mooney','60 Frontage Road','Andover','MA','1810','(508) 555-9103','(508) 555-9141',NULL),(30827,'James M.','Flowers','1720 Sublette Avenue','St Louis','MO','63110','(314) 555-2447','(314) 555-2528',NULL),(30835,'John R.','Shelton','Two Northshore Center','Brentwood','TN','37027','(615) 555-2071','(615) 555-2073',NULL),(30836,'David A.','Munt','430 Bedford Street','Lexington','MA','02173','(617) 555-8756','(617) 555-8764',NULL),(30839,'Joseph L.','Doyle','1100 North Washington Street','Delphi','IN','46923','(317) 555-3540','(317) 555-3558',NULL),(30846,'Martha O.','Hobbs','9387 Dielman Industrial D','St Louis','MO','63132','(314) 555-9253','(314) 555-9306',5000),(30850,'Paul G.','Tarello','401 West Michigan Street','Milwaukee','WI','53203','(414) 555-6906','(414) 555-6964',NULL),(30852,'Daniel T.','Ebright','255 Alhambra Circle','Coral Gables','FL','33134','(305) 555-7007','(305) 555-7086',NULL),(30854,'Robert A.','White','200 Enterprise Drive','Newport News','VA','23603','(804) 555-3242','(804) 555-3322',NULL),(30858,'David A.','Flowers','120 East Baltimore Street','Baltimore','MD','21202','(410) 555-3420','(410) 555-3453',NULL),(30862,'David M.','Kushkin','P O Box 35','Lafayette','CA','94549','(510) 555-4597','(510) 555-4643',NULL),(30867,'David R.','Hyson','4370 Peachtree Road North','Atlanta','GA','30319','(404) 555-5554','(404) 555-5580',NULL),(30869,'M.','Sundaresh','1685 38Th Street','Boulder','CO','80301','(303) 555-4336','(303) 555-4372',NULL),(30871,'Frank J.','Moore','15102 Minnetonka Industry Road','Minnetonka','MN','55345','(612) 555-8714','(612) 555-8765',NULL),(30875,'Kenneth W.','Sarni','P.O. Box 50444','Indianapolis','IN','46250','(317) 555-2264','(317) 555-2298',NULL),(30880,'David J.','Herron','950 Page Mill Road','Palo Alto','CA','94303','(415) 555-5065','(415) 555-5111',NULL),(30883,'Lee E.','Feigenbaum','921 Bergen Avenue','Jersey City','NJ','07306','(201) 555-1311','(201) 555-1324',NULL),(30887,'Robert C.','Hall','300 Ward Road','Midlothian','TX','76065','(214) 555-8272','(214) 555-8313',NULL),(30891,'Peter R.','Hodges','2395 Midway Road','Carrollton','TX','75006','(214) 555-7068','(214) 555-7120',NULL),(30895,'Ronald M.','Sarney','23733 North Scottsdale Road','Scottsdale','AZ','85255','(602) 555-8915','(602) 555-8981',NULL),(30899,'Alan C.','Dougherty','210 East Hacienda Avenue','Campbell','CA','95008','(408) 555-8030','(408) 555-8062',5000),(30902,'David','Wall','14 Philips Parkway','Montvale','NJ','07645','(201) 555-8166','(201) 555-8186',NULL),(30919,'Roger T.','Katz','5480 Ferguson Drive','Commerce','CA','90022','(213) 555-8755','(213) 555-8835',NULL),(30924,'William G.','Bova','Liberty Lane','Birmingham','AL','35205','(205) 555-6137','(205) 555-6157',NULL),(30925,'Paul C.','Booty','80 Hayden Avenue','Lexington','MA','02173','(617) 555-5930','(617) 555-6015',NULL),(30928,'George W.','Stephan','518 East Broad Street','Columbus','OH','43215','(614) 555-5056','(614) 555-5066',NULL),(30931,'Daniel J.','Ivan','3400 North Wolf Road','Franklin Park','IL','60131','(708) 555-7125','(708) 555-7159',NULL),(30934,'Brian E.','Yost','1740 Midland Road','Saginaw','MI','48603','(517) 555-4563','(517) 555-4569',NULL),(30937,'Larry A.','Holley','9901 West 50Th Avenue','Wheat Ridge','CO','80033','(303) 555-1384','(303) 555-1453',NULL),(30942,'Daniel','Horowitz','500 Lindley Street','Bridgeport','CT','6606','(203) 555-3681','(203) 555-3692',NULL),(30947,'Bradford R.','Ware','370 Lexington Avenue','New York','NY','10017','(212) 555-3071','(212) 555-3148',7500),(30950,'Philip E.','Switz','2304 Century Center Boulevard','Irving','TX','75062','(214) 555-1043','(214) 555-1131',5000),(30953,'George W.','Dimond','224 Rue De Jean','Lafayette','LA','70505','(318) 555-1229','(318) 555-1316',1000),(30954,'Sharon','Tucker','220 West Sixth Street','Tucson','AZ','85701','(520) 555-4003','(520) 555-4061',NULL),(30957,'Robert E.','Quinn','220 Northwest Second Avenue','Portland','OR','97209','(503) 555-4219','(503) 555-4289',NULL),(30960,'John A.','Kocur','206 East Second Street','Davenport','IA','52801','(319) 555-7135','(319) 555-7159',NULL),(30964,'Leon','Shuping','10 Fairway Court','Northvale','NJ','07647','(201) 555-1427','(201) 555-1462',NULL),(30966,'Gary J.','Savage','1330 Post Oak Boulevard','Wilmington','DE','19805','(302) 555-5951','(302) 555-6023',5000),(30970,'Larry A.','Harbert','2201 Laurelwood Road','Las Vegas','NV','89102','(702) 555-1091','(702) 555-1180',NULL),(30972,'John','Kristiansen','700 Liberty Avenue','Union','NJ','07083','(908) 555-5705','(908) 555-5773',NULL),(30980,'Frank W.','Jacob','1030 Century Building','Pittsburgh','PA','15222','(412) 555-1231','(412) 555-1303',NULL),(30984,'Marvin L.','Howard','P.O. Box 1000','Danboro','PA','18916','(215) 555-8900','(215) 555-8982',5000),(30987,'M. Bruce','Newson','101 South Salina Street','Syracuse','NY','13202','(315) 555-4452','(315) 555-4527',NULL),(30991,'Roger','Jacobson','6820 Charlotte Pike','Nashville','TN','37209','(615) 555-4248','(615) 555-4303',NULL),(30996,'Vincent A.','Cohen','5720 Smetana Drive','Minnetonka','MN','55343','(612) 555-9010','(612) 555-9068',10000),(31001,'Robert E.','George','1717 Arch Street','Philadelphia','PA','19103','(215) 555-2249','(215) 555-2318',NULL),(31002,'G. Brian','Caufield','1840 Century Park East','Dallas','TX','75247','(214) 555-7516','(214) 555-7545',5000),(31007,'Philip T.','Perlis','P.O. Box 280','Necedah','WI','54646','(800) 555-6149','(800) 555-6179',NULL),(31011,'Robert M.','Wissing','Commerce Atrium','Cherry Hill','NJ','08034','(609) 555-9014','(609) 555-9098',NULL),(31017,'Glen A.','Schneher','433 North Main Street','Kimberly','WI','54136','(414) 555-3549','(414) 555-3601',NULL),(31019,'Jing','Qualben','380 Middlesex Avenue','Carteret','NJ','07008','(908) 555-5617','(908) 555-5676',1000),(31022,'Anthony F.','Reed','2992 West Beach','Gulfport','MS','39501','(601) 555-1230','(601) 555-1267',NULL),(31029,'Alan E.','Korn','1120 Boston Post Road','Providence','RI','2906','(401) 555-2945','(401) 555-2972',500),(31033,'David L.','Wachner','Quaker Tower','Chicago','IL','60604','(312) 555-7141','(312) 555-7154',NULL),(31038,'John M.','Ford','300 First Stamford Place','Stamford','CT','06912','(203) 555-8612','(203) 555-8706',5000),(31039,'Morris A.','Gruber','2355 West Chandler Boulevard','Chandler','AZ','85225','(602) 555-7384','(602) 555-7409',NULL),(31043,'Nancy B.','Dietz','2200 Renaissance Boulevard','King Of Prussia','PA','19406','(610) 555-1742','(610) 555-1790',NULL),(31047,'Anne M.','Kujawa','2101 Sixth Avenue North','Birmingham','AL','35203','(205) 555-2755','(205) 555-2555',NULL),(31050,'F. McKamy','Yong','5400 Westheimer Court','Los Angeles','CA','90024','(213) 555-1509','(213) 555-1525',NULL),(31052,'John W.','Howland','Liberty Lane','Hampton','NH','3842','(603) 555-5982','(603) 555-6048',NULL),(31054,'William D.','Hunt','Building C','Rochester','NY','14623','(716) 555-1894','(716) 555-1909',NULL),(31057,'Gene S.','Reisbick','5300 Maryland Way','Brentwood','TN','37027','(615) 555-5382','(615) 555-5383',NULL),(31060,'Robert S.','Khoury','333 Bayview Avenue','Amityville','NY','11701','(516) 555-9435','(516) 555-9466',NULL),(31062,'Edwin','Jacobson','305 Richardson Road','Lansdale','PA','19446','(215) 555-2959','(215) 555-3051',NULL),(31066,'Stewart','Reinhardt','217 West Main Street','Gallatin','TN','37066','(615) 555-7273','(615) 555-7346',NULL),(31068,'Andrew','Kuruc','21255 Califa Street','Woodland Hills','CA','91367','(818) 555-1057','(818) 555-1069',NULL),(31071,'John F.','Davis','20 Northwest Third Street','Evansville','IN','47739','(812) 555-3415','(812) 555-3441',NULL),(31076,'John R.','Wack','1460 Broadway','New York','NY','10036','(212) 555-4273','(212) 555-4287',NULL),(31078,'John R.','Lucido','260 Madison Avenue','Dallas','TX','75206','(214) 555-5831','(214) 555-5874',NULL),(31079,'Jerry R.','Jaffe','4401 Fair Lakes Court','Fairfax','VA','22033','(703) 555-8531','(703) 555-8609',NULL),(31084,'James F.','Jaffe','41-60 Main Street','Flushing','NY','11355','(718) 555-4381','(718) 555-4470',NULL),(31086,'Stephen D.','Day','24 Frank Lloyd Wright Drive','Ann Arbor','MI','48106','(313) 555-4777','(313) 555-4792',7500),(31088,'William L.','Payne','205 East 6Th Street','Sioux Falls','SD','57117','(605) 555-2788','(605) 555-2821',NULL),(31092,'John D.','Hess','421 East 30Th Avenue','Hutchinson','KS','67502','(316) 555-5591','(316) 555-5614',NULL),(31095,'William C.','Light','One East Wacker Drive','San Antonio','TX','78216','(210) 555-1718','(210) 555-1809',NULL),(31096,'Kenneth B.','Casey','5975 Castle Creek Parkway','Dallas','GA','75201','(214) 555-7758','(214) 555-7781',NULL),(31098,'Gerald S.','Hyers','430 Airport Road','Greeneville','TN','37745','(615) 555-7274','(615) 555-7338',NULL),(31100,'John A.','Danhakl','1450 Fashion Island Boulevard','San Mateo','CA','94404','(415) 555-7220','(415) 555-7295',500),(31102,'Linda J.','Larusso','11501 Northeast Expressway','Oklahoma City','OK','73131','(405) 555-2433','(405) 555-2499',NULL),(31109,'Leon','Mar-Haim','5310 Street Joseph Avenue','St Joseph','MO','64505','(816) 555-3192','(816) 555-3222',NULL),(31116,'Daniel J.','Jobe','339 Jefferson Road','Houston','TX','77057','(713) 555-7605','(713) 555-7675',NULL),(31119,'Stanley C.','Ban','1420 Broadway','Hewlett','NY','11557','(516) 555-3953','(516) 555-4029',NULL),(31125,'J. Brendan','Quick','8150 Washington Village D','Denver','CO','80237','(303) 555-1107','(303) 555-1145',NULL),(31128,'John G.','Jansing','400 North Fourth Street','Sacramento','CA','95833','(916) 555-3513','(916) 555-3591',NULL),(31130,'John M.','Johnson','111 West 40Th Street','Greensboro','NC','27455','(910) 555-3705','(910) 555-3717',NULL),(31134,'Edward B.','Jobe','P.O. Box 388','Yazoo City','MS','39194','(601) 555-4147','(601) 555-4237',NULL),(31138,'John P.','Hansen','3901 West Broad Street','Richmond','VA','23230','(804) 555-8450','(804) 555-8485',NULL),(31139,'Samuel H.','Carr','31100 Solon Road','Solon','OH','44139','(216) 555-7065','(216) 555-7130',NULL),(31143,'Robert J.','Moore','150 Clove Road','Little Falls','NJ','07424','(201) 555-8646','(201) 555-8669',5000),(31146,'David V.','Ogilvie','129 Marten Street','Mondovi','WI','54755','(715) 555-4236','(715) 555-4259',5000),(31147,'Thomas H.','Fox','1155 Avenue Of The Americas','New York','NY','10036','(212) 555-5084','(212) 555-5116',NULL),(31150,'Tony','Roblin','One Natures Way','Charlotte','NC','28209','(704) 555-5421','(704) 555-5487',NULL),(31151,'James','Wall','815 Mercer Street','Seattle','WA','98111','(206) 555-6770','(206) 555-6831',NULL),(31156,'Cyrus H.','Kanely','325 Wood Road','Braintree','MA','2184','(617) 555-1814','(617) 555-1858',NULL),(31159,'Timothy L.','Wood','1801 North Stadium Boulevard','Columbia','MO','65202','(314) 555-8674','(314) 555-8717',NULL),(31162,'Edward K.','Fischer','Interstate Tower','Charlotte','NC','28201','(704) 555-9063','(704) 555-9088',NULL),(31168,'Thomas J.','Lebow','Sumneytown Pike','Spring House','PA','19477','(215) 555-7414','(215) 555-7483',NULL),(31172,'John A.','Riedy','200 Holleder Parkway','Houston','TX','77056','(713) 555-6147','(713) 555-6161',NULL),(31174,'Howard','Fuchs','Great Valley Corporate Center','Malvern','PA','19355','(610) 555-5933','(610) 555-6025',NULL),(31175,'Robert J.','Reilly','38 Rouss Avenue','Winchester','VA','22601','(703) 555-4272','(703) 555-4334',NULL),(31180,'Mitchell I.','Ellis','101 Railroad Avenue','Ridgefield','NJ','07657','(201) 555-2927','(201) 555-2906',NULL),(31183,'Bruce A.','Dykstra','4435 Spring Valley Road','San Antonio','TX','78216','(210) 555-2839','(210) 555-2901',NULL),(31188,'Robert M.','Mack','Bank Of Oklahoma Tower','Atlanta','GA','30339','(770) 555-5213','(770) 555-5240',NULL),(31190,'Gregg A.','Barlett','7655 Redwood Boulevard','Novato','CA','94945','(415) 555-8411','(415) 555-8445',1000),(31194,'Bruce M.','Jones','500 Central Avenue','Northfield','IL','60093','(708) 555-6705','(708) 555-6796',7500),(31199,'Bruce M.','Vance','239 Rowan Street','Salem','VA','24153','(703) 555-8739','(703) 555-8814',NULL),(31204,'Marshall','Meurlin','135 North Meramec','Clayton','MO','63105','(314) 555-4626','(314) 555-4697',NULL),(31207,'Donald W.','Taylor','1050 Caribbean Way','Miami','FL','33132','(305) 555-6003','(305) 555-6085',NULL),(31212,'Judith G.','Kenny','100 North Broadway','Oklahoma City','OK','73102','(405) 555-6023','(405) 555-6027',NULL),(31213,'Lynn J.','Eagle','Highways 20 and 136','Hollywood','FL','33021','(305) 555-6718','(305) 555-6746',NULL),(31217,'C. D.','Higginson','601 Marion Drive','Houston','TX','77060','(713) 555-8831','(713) 555-8844',NULL),(31218,'Gerald M.','Mills','565 Broad Hollow Road','Farmingdale','NY','11735','(516) 555-7093','(516) 555-7192',NULL),(31219,'Donald S.','Sharpe','2550 East 25Th Street','Los Angeles','CA','90058','(213) 555-2353','(213) 555-2357',NULL),(31222,'J. Douglas','Jones','23000 Roundy Drive','Pewaukee','WI','53072','(414) 555-8060','(414) 555-8092',NULL),(31224,'James R.','Kerley','200 Riverview Drive','Irving','TX','75038','(214) 555-3181','(214) 555-3229',NULL),(31226,'Richard','Jordan','First Shelton Place','Menlo Park','CA','94025','(415) 555-9765','(415) 555-9779',NULL),(31231,'Mark J.','Kusin','One East Washington Street','New Castle','PA','16103','(412) 555-5549','(412) 555-5584',NULL),(31234,'James J.','Kesser','8685 Northwest 53Rd Terra','Miami','FL','33166','(305) 555-8041','(305) 555-8075',NULL),(31235,'James D.','Anger','5425 Hollister Avenue','Santa Barbara','CA','93111','(805) 555-6056','(805) 555-7056',NULL),(31238,'Thomas E.','Cuneo','3040 West Salt Creek Lane','Arlington Heights','IL','60005','(708) 555-7058','(708) 555-7147',500),(31240,'Glenn R.','Kelly','1220 Waterway Boulevard','Indianapolis','IN','46202','(317) 555-1573','(317) 555-1587',NULL),(31244,'Peter H.','Kimsey','370 Van Gordon Street','Mclean','VA','22102','(703) 555-2411','(703) 555-2467',NULL),(31246,'Gerard M.','Kline','155 East 21St Street','Beverly Hills','CA','90210','(310) 555-5195','(310) 555-5211',NULL),(31250,'Frank J.','Williams','65 Grove Street','Watertown','MA','02172','(617) 555-2527','(617) 555-2603',NULL),(31252,'Theodore','Voorhees','301 Cypress Street','Abilene','TX','79601','(915) 555-7033','(915) 555-7130',NULL),(31254,'Philip J.','Gay','284 South Avenue','Poughkeepsie','NY','12601','(914) 555-2031','(914) 555-2034',500),(31257,'George J.','Beeston','11100 Plano Road','Dallas','TX','75238','(214) 555-2007','(214) 555-2081',NULL),(31258,'S. Cody','Elers','1000 Sagamore Parkway South','Rockville','MD','20852','(301) 555-1257','(301) 555-1270',NULL),(31261,'R. David','Kane','441 West Elm Street','Atlanta','GA','30339','(404) 555-9598','(404) 555-9673',NULL),(31264,'John W.','Khoury','P.O. Box 399','Claremont','NC','28610','(704) 555-7661','(704) 555-7748',NULL),(31269,'Robert N.','Elbaum','First Eastern Plaza','Wilkes Barre','PA','18768','(717) 555-4501','(717) 555-4516',NULL),(31278,'James P.','Kindt','39 West Montgomery Avenue','Rockville','MD','20850','(301) 555-3942','(301) 555-3998',NULL),(31279,'Ngaire E.','Weiss','380 Middlesex Avenue','Carteret','NJ','07008','(908) 555-5595','(908) 555-5658',NULL),(31284,'Gary M.','Smith','One Hillendale Road','Perkasie','PA','18944','(215) 555-3230','(215) 555-3271',NULL),(31288,'Matthew','Puth','One East Wacker Drive','Chicago','IL','60601','(312) 555-6789','(312) 555-6878',NULL),(31292,'Craig N.','Gambill','941 Grinnell Street','Fall River','MA','2721','(508) 555-1956','(508) 555-2044',NULL),(31293,'Amos','Perlegos','812 East NASA Road One','Webster','TX','77598','(713) 555-5624','(713) 555-5722',NULL),(31295,'James','Aoki','4915 South Howell Avenue','Milwaukee','WI','53207','(414) 555-4005','(414) 555-4104',NULL),(31298,'Steven S.','Loarie','35 East 62Nd Street','New York','NY','10021','(212) 555-8622','(212) 555-8697',NULL),(31302,'Harry C.','Nasella','23 Pasteur Road','Irvine','CA','92718','(714) 555-1058','(714) 555-1154',1000),(31306,'Richard J.','Davies','2020 South Central Avenue','Compton','CA','90220','(310) 555-2870','(310) 555-2961',NULL),(31308,'Felix','Goverman','1326 Willow Road','Sturtevant','WI','53177','(414) 555-1550','(414) 555-1635',NULL),(31310,'Robert A.','End','101 East Erie Street','Northbrook','IL','60062','(708) 555-3725','(708) 555-3811',NULL),(31315,'Robert F.','Deuster','102 Woodmont Boulevard','San Mateo','CA','94402','(415) 555-1605','(415) 555-1660',NULL),(31317,'Robert G.','Winokur','49 Danton Drive','Methuen','MA','01844','(508) 555-6482','(508) 555-6561',NULL),(31319,'Rocky','Cook','2801 Highway 280 South','Birmingham','AL','35223','(205) 555-9256','(205) 555-9293',NULL),(31322,'Susan','Hara','1530 Fifth Avenue','Seattle','WA','98101','(206) 555-5429','(206) 555-5479',NULL),(31324,'Wayne E.','Conlon','111 Corcoran Street','Durham','NC','27702','(919) 555-7855','(919) 555-7871',NULL),(31327,'David','Hall','10800 Roosevelt Boulevard','St Petersburg','FL','33716','(813) 555-9781','(813) 555-9870',NULL),(31329,'B. E.','Hakimoglu','Washington Dulles International','Darien','IL','60561','(708) 555-3588','(708) 555-3617',NULL),(31333,'Charles','Knutson','550 Route 202-206','Dallas','TX','75240','(214) 555-4012','(214) 555-4039',NULL),(31338,'Gordon','Mongan','One OConnor Plaza','Victoria','TX','77902','(512) 555-9488','(512) 555-9586',NULL),(31340,'James M.','Moon','One Liberty Square','Boston','MA','02109','(617) 555-9624','(617) 555-9633',NULL),(31344,'Henry J.','Edwards','6608 Hollywood Boulevard','Los Angeles','CA','90028','(213) 555-5230','(213) 555-5264',NULL),(31346,'Timothy G.','Lear','2800 Fremont Street','Las Vegas','NV','89104','(702) 555-9161','(702) 555-9183',NULL),(31347,'Joel M.','Owens','2290 West Eighth Avenue','Hialeah','NY','33010','(305) 555-8240','(305) 555-8273',NULL),(31348,'John C.','Belcher','222 South Main Street','Bowling Green','OH','43402','(419) 555-5293','(419) 555-5360',NULL),(31350,'John','Kanis','One Hancock Plaza','Gulfport','MS','39502','(601) 555-4618','(601) 555-4676',NULL),(31354,'Joseph L.','Weber','600 Madison Avenue','New York','NY','10022','(212) 555-6484','(212) 555-6581',NULL),(31363,'Rocky H.','Enos','201 Old Country Road','Melville','NY','11747','(516) 555-2010','(516) 555-2031',NULL),(31368,'Edward B.','King','107 North Sherman Street','Ennis','TX','75119','(214) 555-6596','(214) 555-6680',NULL),(31373,'Donald','Tremayne','1840 Century Park East','Los Angeles','CA','90067','(310) 555-2207','(310) 555-2283',NULL),(31375,'Ward C.','Huntley','100 Royal Street','Canton','MA','02021','(617) 555-2512','(617) 555-2580',NULL),(31376,'William O.','Kohn','5835 Blue Lagoon Drive','Gainesville','GA','30501','(404) 555-2015','(404) 555-2056',NULL),(31383,'Barton J.','Hodgson','500 West Madison','Grand Rapids','MI','49501','(616) 555-2620','(616) 555-2657',500),(31384,'Paul G.','Kurcik','700 Dresher Road','Horsham','PA','19044','(215) 555-7525','(215) 555-7603',NULL),(31386,'James K.','Klein','17001 Northchase Drive','Houston','TX','77060','(713) 555-1157','(713) 555-1236',NULL),(31389,'Wilber H.','Beer','1002 Stafford Street','Clarksville','TN','37040','(615) 555-2014','(615) 555-2092',10000),(31394,'William A.','Lawson','3 East 54Th Street','Greenwich','CT','06830','(203) 555-3353','(203) 555-3398',NULL),(31397,'Robert J.','Slapke','422 Wards Corner Road','Loveland','OH','45140','(513) 555-4539','(513) 555-4584',NULL),(31400,'Ted','Kwok','1310 Goshen Parkway','West Chester','PA','19380','(610) 555-1784','(610) 555-1829',NULL),(31402,'Dennis','Ladehoff','One Citizens Banking Cent','Flint','MI','48502','(313) 555-7540','(313) 555-7627',NULL),(31406,'Pieter','Bassin','600 South East Coast Avenue','Lantana','FL','33462','(407) 555-1130','(407) 555-1226',NULL),(31408,'Karl E.','Evans','5005 LBJ Freeway','Dallas','TX','75244','(214) 555-9079','(214) 555-9168',NULL),(31416,'Mariel','Kacer','1293 South Main Street','Akron','OH','44301','(216) 555-5675','(216) 555-5721',NULL),(31419,'John A.','Engler','400 West Capitol Avenue','Scottsdale','AZ','85251','(602) 555-2967','(602) 555-3011',NULL),(31424,'Albert J.','Toll','Green Boulevard','Mexico','MO','65265','(314) 555-3649','(314) 555-3676',NULL),(31427,'Philip C.','Murphy','81 Spence Street','Bay Shore','NY','11706','(516) 555-2228','(516) 555-2287',NULL),(31428,'William J.','Curran','7733 Forsyth Boulevard','St Louis','MO','63105','(314) 555-7505','(314) 555-7549',5000),(31431,'Ron','Cheng','7300 North Kendall Drive','Miami','FL','33156','(305) 555-7776','(305) 555-7827',500),(31433,'Avi','Slaybaugh','6500 Mineral Drive','Coeur DAlene','ID','83814','(208) 555-4148','(208) 555-4205',NULL),(31436,'Tracy A.','Johnson','36111 Schoolcraft','Livonia','MI','48150','(313) 555-3026','(313) 555-3048',NULL),(31439,'Gilbert C.','Bova','330 South Fourth Street','Richmond','VA','23219','(804) 555-5004','(804) 555-5087',NULL),(31443,'Mohan','English','2001 Theurer Boulevard','Winona','MN','55987','(507) 555-5399','(507) 555-5454',NULL),(31446,'William','Borland','165 Jackson Street','Lowell','MA','01852','(508) 555-6365','(508) 555-6453',5000),(31448,'Ronald F.','Perlis','1001 Murry Ridge Drive','Murrysville','PA','15668','(412) 555-2861','(412) 555-2937',NULL),(31451,'Clark A.','McNally','80 Hayden Avenue','Louisville','KY','40207','(502) 555-2113','(502) 555-2132',1000),(31452,'Mark A.','Warnock','5295 Carillon Point','Kirkland','WA','98033','(206) 555-1921','(206) 555-1995',NULL),(31455,'Norman','Levy','1755 Butterfield Road','Libertyville','IL','60048','(708) 555-8226','(708) 555-8249',NULL),(31459,'Morris A.','Roepke','One Colonial Road','Manchester','CT','06045','(203) 555-1259','(203) 555-1298',NULL),(31462,'Gust','Hardesty','2000 Gateway','Grenada','MS','38902','(601) 555-1122','(601) 555-1159',NULL),(31465,'Amin J.','Kobasa','125 Main Street','Scotia','CA','95565','(707) 555-2248','(707) 555-2257',NULL),(31466,'Anthony F.','King','One Portland Square','Portland','ME','04112','(207) 555-8525','(207) 555-8591',NULL),(31468,'Gabriel S.','Lear','175 Mcclellan Highway','East Boston','MA','02128','(617) 555-2254','(617) 555-2276',NULL),(31470,'John D.','Koeppe','2828 North Haskell','Houston','TX','77084','(713) 555-7911','(713) 555-7950',NULL),(31471,'John E.','Lavelle','4101 Jerome Avenue','Chattanooga','TN','37407','(615) 555-4228','(615) 555-4280',NULL),(31474,'Fred B.','Montrone','3101 Glenwood Avenue','Ralelgh','NC','27612','(919) 555-2730','(919) 555-2803',NULL),(31480,'Robert C.','Ney','222 Merchandise Mart Plaza','Chicago','IL','60654','(312) 555-6028','(312) 555-6106',NULL),(31484,'Edwin','Krongard','22 Harbor Park Drive','Port Washington','NY','11050','(516) 555-1614','(516) 555-1645',NULL),(31487,'Paul F.','Fuller','150 Second Avenue North','St Petersburg','FL','33701','(813) 555-3317','(813) 555-3385',500),(31491,'Louie W.','Hill','Syms Way','Secaucus','NJ','07094','(201) 555-9650','(201) 555-9679',NULL),(31493,'Robert A.','Knobel','5037 East Hunter Avenue','Portland','OR','97223','(503) 555-3486','(503) 555-3513',NULL),(31494,'John W.','Neag','U S Highway 22 West And S','Maitland','FL','32751','(407) 555-9021','(407) 555-9023',NULL),(31496,'Dale A.','Leneveu','600 South East Coast Avenue','Houston','TX','77042','(713) 555-5591','(713) 555-5595',500),(31499,'R. Tobias','Heller','743 North Eckhoff Street','Orange','CA','92668','(714) 555-1918','(714) 555-1989',NULL),(31504,'John E.','Evans','105 Carnegie Center','Princeton','NJ','08540','(609) 555-3754','(609) 555-3799',NULL),(31506,'Jay R.','Yorks','12015 Lee Jackson Memorial','Houston','TX','77002','(713) 555-3776','(713) 555-3781',NULL),(31510,'Paul','Zurlage','3535 Piedmont Road North','Atlanta','GA','30305','(404) 555-3042','(404) 555-3081',NULL),(31514,'A. B.','Krongard','2665 South Bayshore Drive','Coconut Grove','FL','33133','(305) 555-8391','(305) 555-8406',NULL),(31519,'Peter E.','Tombros','1500 Market Street','Philadelphia','PA','19102','(215) 555-1714','(215) 555-1789',NULL),(31522,'Tod V.','Madrid','244 Worcester Street','Dallas','TX','75251','(214) 555-9921','(214) 555-1000',NULL),(31523,'James V.','Letier','Sumneytown Pike','Little Rock','AR','72201','(501) 555-8304','(501) 555-8337',NULL),(31528,'Patrick','Tarello','740 South Decatur Boulevard','Las Vegas','NV','89107','(702) 555-5235','(702) 555-5289',NULL),(31533,'Stephen J.','Best','500 Craig Road','Manalapan','NJ','07726','(908) 555-3721','(908) 555-3741',10000),(31536,'David H.','Yost','4401 Fair Lakes Court','Fairfax','VA','22033','(703) 555-8559','(703) 555-8571',NULL),(31540,'Peter','Woolf','111 Wagaraw Road','Hawthorne','NJ','07506','(201) 555-1331','(201) 555-1396',NULL),(31542,'John E.','Raynor','Medure Place','Ellwood City','PA','16117','(412) 555-2480','(412) 555-2504',NULL),(31549,'Harry','Brett','201 Cahaba Valley Parkway','Pelham','AL','35124','(205) 555-2511','(205) 555-2529',NULL),(31553,'Robert W.','Howley','8 Federal Street','Billerica','MA','01821','(508) 555-8891','(508) 555-8895',NULL),(31557,'Paul E.','Jungwirth','500 Westridge Drive','Watsonville','CA','95076','(408) 555-2744','(408) 555-2762',NULL),(31561,'R. David','Seta','20633 South Fordyce Avenue','Nashville','TN','37203','(615) 555-3871','(615) 555-3962',NULL),(31565,'Peter G.','Wachner','8 Federal Street','Norcross','GA','30092','(404) 555-5312','(404) 555-5405',NULL),(31569,'Nolan','D''Croix','402 Industrial Lane','Houston','TX','77079','(713) 555-5068','(713) 555-5104',NULL),(31573,'Ayhan','Badovinus','2299 Busse Road','Elk Grove Village','IL','60007','(708) 555-2372','(708) 555-2427',NULL),(31577,'Thomas R.','Carlin','2215 Union Avenue','Sheboygan','WI','53082','(414) 555-4456','(414) 555-4477',1000),(31588,'Rodger S.','Lewis','2701 East Grauwyler Road','Irving','TX','75061','(214) 555-6074','(214) 555-6082',NULL),(31591,'Ben R.','Solis','22 Northeast Drive','Hershey','PA','17033','(717) 555-6381','(717) 555-6390',NULL),(31596,'John C.','Lill','3001 John F. Kennedy Boulevard','Miami','FL','33133','(305) 555-2254','(305) 555-2334',NULL),(31598,'Jerry C. D.','Asten','One Rollins Plaza','Wilmington','DE','19803','(302) 555-3353','(302) 555-3370',500),(31602,'Ralph W.','Jannotta','8839 Greenwood Place','Savage','MD','20763','(301) 555-6861','(301) 555-6361',NULL),(31606,'Robert J.','Lashlee','460 Herndon Parkway','Herndon','VA','22070','(703) 555-6028','(703) 555-6083',NULL),(31609,'Paul F.','Larsen','2830 South Fairview Street','Santa Ana','CA','92704','(714) 555-8233','(714) 555-8253',NULL),(31613,'Harry B.','Thomas','2221 Park Place','El Segundo','CA','90245','(310) 555-6311','(310) 555-6335',NULL),(31618,'John G.','Suter','125 West 55th Street','New York','NY','10019','(212) 555-6019','(212) 555-6084',NULL),(31625,'Javier','Boyes','9201 West Belmont Avenue','Franklin Park','IL','60131','(708) 555-3020','(708) 555-3096',NULL),(31628,'Edward P.','Ondis','47-05 Metropolitan Avenue','Ridgewood','NY','11385','(718) 555-3848','(718) 555-3895',1000),(31634,'Ron E.','Lembark','Benson Road','Dallas','TX','75244','(214) 555-5575','(214) 555-5583',1000),(31637,'Peter W.','Loehr','One Penn Plaza','New York','NY','10119','(212) 555-7201','(212) 555-7254',NULL),(31642,'Turner O.','Herrick','4343 Von Karman Avenue','Newport Beach','CA','92660','(714) 555-9399','(714) 555-9413',NULL),(31643,'Andrew','Mario','3233 Newmark Drive','St Paul','MN','55101','(612) 555-7672','(612) 555-7689',NULL),(31646,'Akira','Blum','160 Broadway','Greenwood','IN','46143','(317) 555-4405','(317) 555-4439',NULL),(31647,'Jon L.','Eldar','2724 North Tenaya Way','Las Vegas','NV','89128','(702) 555-7032','(702) 555-7036',NULL),(31651,'Michael A.','Rigas','2270 South 88Th Street','Louisville','CO','80028','(303) 555-5165','(303) 555-5236',NULL),(31653,'Gilbert C.','Lupo','1800 South 14Th Street','Elkhart','IN','46516','(219) 555-7521','(219) 555-7548',NULL),(31656,'James E.','Conlon','1319 Street Andrew Street','La Crosse','WI','54603','(608) 555-3033','(608) 555-3038',NULL),(31659,'John A.','Ferrell','3211 Nebraska Avenue','Englewood','CO','80111','(303) 555-9335','(303) 555-9350',1000),(31663,'Larry','Lowin','8110 Gatehouse Road','Falls Church','VA','22042','(703) 555-3164','(703) 555-3190',NULL),(31666,'Martin','Riseman','1180 Upper Hembree Road','Atlanta','GA','30076','(404) 555-6365','(404) 555-6398',NULL),(31670,'F. Taylor','Clontz','10 Woodbridge Center Drive','Woodbridge','NJ','07095','(908) 555-1135','(908) 555-1157',NULL),(31672,'Frank E.','Yost','400 Wood Road','Braintree','MA','02184','(617) 555-7136','(617) 555-7142',NULL),(31676,'Harold E.','Estrin','3200 San Fernando Road','Los Angeles','CA','90065','(213) 555-2809','(213) 555-2814',NULL),(31683,'Michael J.','Colby','304 Cambridge Road','Reading','PA','19607','(610) 555-3453','(610) 555-3457',NULL),(31684,'Garnet E.','Marx','5900 North Andrews Avenue','Darien','IL','60561','(708) 555-3561','(708) 555-3579',NULL),(31688,'Scott P.','Bartz','I-40 and Morgan Road','Oklahoma City','OK','73101','(405) 555-6063','(405) 555-6109',NULL),(31689,'Michael A.','Lutz','9900 Talbert Avenue','Fountain Valley','CA','92708','(714) 555-7261','(714) 555-7337',NULL),(31693,'Charles I.','Hatch','888 Seventh Avenue','New York','NY','10106','(212) 555-4480','(212) 555-4486',NULL),(31695,'Melvyn J.','Judson','64 Fairbanks','Irvine','CA','92718','(714) 555-9049','(714) 555-9076',NULL),(31700,'Paul M.','Rombouts','5619 DTC Parkway','Englewood','CO','80111','(303) 555-5541','(303) 555-5629',7500),(31705,'R. David','Yost','10990 Wilshire Boulevard','Los Angeles','CA','90024','(310) 555-4018','(310) 555-4026',NULL),(31708,'Linda J.','Bertram','11103 West Avenue','Milwaukee','WI','53203','(414) 555-1051','(414) 555-1093',NULL),(31710,'F.A.M.','Dammeyer','13100 Northwest Freeway','St Louis','MO','63105','(314) 555-6896','(314) 555-6930',NULL),(31714,'Stephen J.','Fantle','4800 East 131St Street','Cleveland','OH','44105','(216) 555-3620','(216) 555-3680',NULL),(31716,'Carol A.','Shand','4205 South 96Th Street','Omaha','NE','68127','(402) 555-9431','(402) 555-9457',NULL),(31721,'Greg','Stavish','213 South Main Street','Hector','MN','55342','(612) 555-6244','(612) 555-6255',NULL),(31726,'Milton','Feitler','2101 Blair Mill Road','Willow Grove','PA','19090','(215) 555-6037','(215) 555-6131',NULL),(31732,'Brooks R.','Consoli','Technology Park','North Stonington','CT','6359','(203) 555-3926','(203) 555-3991',NULL),(31734,'Suzanne','Smith','600 South East Coast Avenue','Houston','TX','77010','(713) 555-7210','(713) 555-7262',NULL),(31736,'Leo W.','Lysinger','9753 Pine Lake Drive','Houston','TX','77055','(713) 555-6049','(713) 555-6138',NULL),(31740,'Kurt B.','Menzer','65140 U.S. 33 East','Goshen','IN','46526','(219) 555-3152','(219) 555-3183',NULL),(31745,'Russell C.','Ness','507 Forest Avenue','Carnegie','PA','15106','(412) 555-6262','(412) 555-6278',NULL),(31749,'Terrence','Myers','3901 North First Street','San Jose','CA','95134','(408) 555-2619','(408) 555-2714',NULL),(31753,'William G.','Case','1610 Cornerway Boulevard','San Antonio','TX','78219','(210) 555-6296','(210) 555-6330',NULL),(31758,'Albert W.','Kerbs','525 North Brand Boulevard','Lyndhurst','NJ','07071','(201) 555-8444','(201) 555-8527',1000),(31761,'R. Kent','Binet','5200 Cedar Crest Boulevard','Albuquerque','NM','87110','(505) 555-5326','(505) 555-5394',1000),(31766,'Gary W.','Delorenzo','One Financial Plaza','Holland','MI','49423','(616) 555-9219','(616) 555-9234',NULL),(31770,'Stephen M.','Wood','4500 Alexander Boulevard','Albuquerque','NM','87107','(505) 555-8158','(505) 555-8185',NULL),(31772,'Francis W.','Laven','3001 John F. Kennedy Boulevard','North Little Rock','AR','72116','(501) 555-2381','(501) 555-2441',NULL),(31775,'John B.','Miller','128 Technology Drive','Waltham','MA','02154','(617) 555-5005','(617) 555-5042',NULL),(31780,'Perry','Choong','2000 Two First Union Cent','Gibbsboro','NJ','08026','(609) 555-3411','(609) 555-3485',NULL),(31783,'Peter M.','Gilbert','5400 Westheimer Court','Houston','TX','77251','(713) 555-5429','(713) 555-5495',NULL),(31787,'Robert D.','Bolger','1242 East 49Th Street','Cleveland','OH','44114','(216) 555-9120','(216) 555-9128',NULL),(31790,'Sheldon W.','Stefan','P.O. Box 3373','Pittsburgh','PA','15230','(412) 555-1610','(412) 555-1704',NULL),(31795,'Michael A.','Vokey','900 North Michigan Avenue','Chicago','IL','60611','(312) 555-4865','(312) 555-4912',NULL),(31797,'Richard S.','Kuntz','600 Tower East','Cleveland','OH','44122','(216) 555-9714','(216) 555-9807',NULL),(31800,'Robert J.','Hensley','7101 College Boulevard','Morrisville','NC','27560','(909) 555-2080','(909) 555-2121',NULL),(31803,'John P.','Beiser','P O Box 7','Ft Worth','TX','76101','(817) 555-6023','(817) 555-6055',NULL),(31806,'Mark','Riebman','6131 Falls Of Neuse Road','Raleigh','NC','27609','(919) 555-9968','(919) 555-9986',NULL),(31808,'Richard J.','Oswald','30195 Chagrin Boulevard','Pepper Pike','OH','44124','(216) 555-5795','(216) 555-5881',NULL),(31809,'Floyd S.','Unger','460 North Gulph Road','Atlanta','GA','30326','(404) 555-6211','(404) 555-6301',NULL),(31812,'Harry B.','Harvey','2020 Santa Monica Boulevard','Santa Monica','CA','90404','(310) 555-5525','(310) 555-5621',NULL),(31815,'John D.','Belcher','81 Wyman Street','Dallas','TX','75240','(214) 555-1865','(214) 555-1893',NULL),(31820,'Eva','Lurie','Mtel Centre','Bloomfield Hills','MI','48304','(810) 555-2474','(810) 555-2499',NULL),(31824,'Edgar D.','Callison','Razor Blade Lane','Verona','VA','24482','(540) 555-8068','(540) 555-8124',NULL),(31827,'Edward A.','Eyton','717 Mulberry Street','Des Moines','IA','50309','(515) 555-2594','(515) 555-2607',NULL),(31829,'Peter S.','Hayden','2113 Florida Boulevard','Neptune Beach','FL','32266','(904) 555-4270','(904) 555-4288',NULL),(31838,'Joseph P.','Oliver','One Gateway Center','Pittsburgh','PA','15222','(412) 555-3705','(412) 555-3801',5000),(31840,'R. David','Blom','47071 Bayside Parkway','Fremont','CA','94538','(510) 555-4014','(510) 555-4053',NULL),(31843,'Frank','Macdonald','39 Old Ridgebury Road','Danbury','CT','06810','(203) 555-4377','(203) 555-4424',NULL),(31847,'Raymond','King','3520 Broadway','Kansas City','MO','64111','(816) 555-7011','(816) 555-7071',NULL),(31850,'Cara L.','Hoffman','2400 South Microage Way','Tempe','AZ','85282','(602) 555-2014','(602) 555-2029',NULL),(31853,'Edward N.','Fox','1600 Viceroy Drive','Dallas','TX','75235','(214) 555-4068','(214) 555-4167',NULL),(31855,'Charles W.','Brooks','15450 Southwest Koll Park','Beaverton','OR','97006','(503) 555-5724','(503) 555-5810',NULL),(31867,'Richard M.','Wasser','333 South Seventh Street','Horsham','PA','19044','(215) 555-5949','(215) 555-6028',NULL),(31870,'John W.','Kurcik','98 Spit Brook Road','Nashua','NH','03062','(603) 555-1232','(603) 555-1321',NULL),(31873,'Todd M.','Logan','625 Madison Avenue','New York','NY','10022','(212) 555-6339','(212) 555-6368',NULL),(31876,'Jerry F.','Stowell','125 West 55Th Street','New York','NY','10019','(212) 555-6014','(212) 555-6063',NULL),(31877,'Rod F.','Frankino','39 Old Ridgebury Road','Danbury','CT','06810','(203) 555-4323','(203) 555-4369',5000),(31882,'Oran F.','Block','Ninth And Lowell Streets','Newport','KY','41072','(606) 555-6854','(606) 555-6864',NULL),(31884,'Israel','Chmar','900 Roosevelt Parkway','Chesterfield','MO','63017','(314) 555-6228','(314) 555-6307',NULL),(31892,'John R.','Morton','3131 Argonne','Houston','TX','77098','(713) 555-3478','(713) 555-3530',NULL),(31896,'John P.','Maimone','285 West Huntington Drive','Arcadia','CA','91007','(818) 555-7272','(818) 555-7303',NULL),(31899,'C.N.','Hofmann','1244 Kronenwetter Drive','Mosinee','WI','54455','(715) 555-4543','(715) 555-4585',NULL),(31900,'John A.','Weaver','1201 Woods Chapel Road','Duncan','SC','29334','(803) 555-9334','(803) 555-9385',NULL),(31904,'Arturo','Fuller','P.O. Box 3555','Shelton','CT','06484','(203) 555-8058','(203) 555-8143',NULL),(31908,'A. Scott','Marlen','1430 Broadway','New York','NY','10018','(212) 555-4706','(212) 555-4714',NULL),(31912,'Barry','Williams','1200 Paco Way','Lakewood','NJ','08701','(908) 555-9014','(908) 555-9025',NULL),(31916,'James S.','McCann','11812 San Vicente Boulevard','Los Angeles','CA','90049','(310) 555-2391','(310) 555-2417',NULL),(31920,'Leeam','Brail','1000 Wilshire Boulevard','Los Angeles','CA','90017','(213) 555-2023','(213) 555-2074',1000),(31922,'Rex J.','McCarthy','5200 Cedar Crest Boulevard','Houston','TX','77087','(713) 555-9982','(713) 555-1006',10000),(31926,'Ronald H.','Murphy','387 Park Avenue South','New York','NY','10016','(212) 555-8291','(212) 555-8311',NULL),(31927,'Gerald D.','Heggen','3000 Bernville Road','Reading','PA','19605','(610) 555-1851','(610) 555-1911',NULL),(31932,'Marilyn J.','Jumper','150 East 58th Street','New York','NY','10155','(212) 555-8448','(212) 555-8465',5000),(31940,'Timothy G.','Kirk','One Hancock Plaza','Irving','TX','75039','(214) 555-1037','(214) 555-1101',NULL),(31943,'Mark H.','Crocker','5900 North Andrews Avenue','Fort Lauderdale','FL','33309','(305) 555-4356','(305) 555-4452',10000),(31954,'Robert P.','Pickett','200 Manufacturers Road','Chattanooga','TN','37405','(615) 555-2112','(615) 555-2170',NULL),(31959,'John R.','Meister','607 Hansen Way','Palo Alto','CA','94304','(415) 555-4061','(415) 555-4074',NULL),(31962,'H. F.','Israel','157 Church Street','New Haven','CT','6506','(203) 555-2009','(203) 555-2013',10000),(31964,'John E.','Evans','4600 West Roosevelt Road','Sugar Land','TX','77487','(713) 555-9258','(713) 555-9350',NULL),(31970,'Dean O.','Narang','16850 Park Row','Houston','TX','77084','(713) 555-9545','(713) 555-9595',NULL),(31971,'Jayne L.','Collins','123 South Hudson','Oklahoma City','OK','73102','(405) 555-2404','(405) 555-2480',NULL),(31973,'David P.','McManus','10 South Riverside Plaza','Chicago','IL','60606','(312) 555-1082','(312) 555-1123',NULL),(31978,'A. Douglas','Gordon','10500 West 153Rd Street','Mclean','VA','22102','(703) 555-2027','(703) 555-2101',NULL),(31980,'John R.','Floyd','6100 Neil Road','Reno','NV','89520','(702) 555-3644','(702) 555-3690',5000),(31981,'O. Peter','Lyon','436 Seventh Avenue','Pittsburgh','PA','15219','(412) 555-2067','(412) 555-2108',NULL),(31983,'Arthur W.','Henick','2400 Xenium Lane North','Plymouth','MN','55441','(612) 555-5031','(612) 555-5065',10000),(31987,'Anil K.','Newman','1800 West Loop South','Houston','TX','77027','(713) 555-2378','(713) 555-2413',NULL),(31989,'Kenneth','Oberle','150 Cambridgepark Drive','Fort Lauderdale','FL','33308','(305) 555-5051','(305) 555-5112',500),(31997,'Steven T.','Liston','2101 Sixth Avenue North','Birmingham','AL','35203','(205) 555-2776','(205) 555-2824',5000),(32002,'Larry M.','Fox','2307 Oregon Street','Rosemont','IL','60018','(708) 555-4638','(708) 555-4711',NULL),(32005,'George F.','Davidow','8701 Red Oak Boulevard','Charlotte','NC','28217','(704) 555-5034','(704) 555-5043',NULL),(32006,'A. L.','Chastain','200 Clarendon Street','Boston','MA','02116','(617) 555-5419','(617) 555-5500',NULL),(32009,'Daniel R.','Beck','1901 Capital Parkway','Austin','TX','78746','(512) 555-3412','(512) 555-3471',NULL),(32013,'Donald','Meyerson','160 Broadway','New York','NY','10038','(212) 555-4571','(212) 555-4613',500),(32017,'Robert','Richlin','15220 Northeast 40Th Street','Redmond','WA','98052','(206) 555-3761','(206) 555-3854',NULL),(32019,'J. David','Miller','10800 Roosevelt Boulevard','Memphis','TN','38137','(901) 555-2892','(901) 555-2975',NULL),(32022,'Lisa A.','Davis','9600 Aldrich Avenue South','Minneapolis','MN','55420','(612) 555-4077','(612) 555-4138',NULL),(32026,'Howard L.','Reed','42Nd Floor','Houston','TX','77002','(713) 555-6446','(713) 555-6511',NULL),(32031,'John F.','Mori','3200 Highland Avenue','Downers Grove','IL','60515','(708) 555-7985','(708) 555-8000',5000),(32033,'L. H.','Halevy','6100 Neil Road','Reno','NV','89520','(702) 555-5434','(702) 555-5511',NULL),(32037,'James J.','Reagan','2050 Spectrum Boulevard','Fort Lauderdale','FL','33309','(305) 555-7641','(305) 555-7658',NULL),(32040,'Franklin','Wu','4424 North Sullivan Road','Houston','TX','77027','(713) 555-2006','(713) 555-2079',NULL),(32044,'Tag','Winters','2170 Piedmont Road North','Atlanta','GA','30324','(404) 555-3021','(404) 555-3107',NULL),(32050,'J. Trevor','Young','1221 West Idaho Street','Boise','ID','83702','(208) 555-2240','(208) 555-2306',NULL),(32052,'Bernard M.','Grimes','325 Interlocken Parkway','Memphis','TN','38138','(901) 555-5237','(901) 555-5259',500),(32054,'Robert A.','Sherman','3330 West Market Street','Akron','OH','44333','(216) 555-3738','(216) 555-3813',NULL),(32057,'Sam J.','Lysinger','3211 Nebraska Avenue','Council Bluffs','IA','51501','(712) 555-1516','(712) 555-1562',500),(32061,'Gary M.','Jacks','2525 22Nd Street','Oak Brook','IL','60521','(708) 555-6669','(708) 555-6683',NULL),(32064,'Chester H.','Kata','1121 Alderman Drive','Alpharetta','GA','30202','(404) 555-2169','(404) 555-2174',NULL),(32066,'Harold','Lear','110 East 59th Street','New York','NY','10022','(212) 555-6737','(212) 555-6815',1000),(32069,'Lester C.','Bank','9320 Telstar Avenue','El Monte','CA','91731','(818) 555-6041','(818) 555-6113',5000),(32073,'Thomas S.','Ingram','815 Mercer Street','Seattle','WA','98109','(206) 555-6809','(206) 555-6832',NULL),(32074,'Hugh B.','Quinn','780 South Nogales Street','City Of Industry','CA','91748','(818) 555-2942','(818) 555-2991',NULL),(32077,'Harvey','Yerushalmi','312 Walnut Street','Cincinnati','OH','45201','(513) 555-3011','(513) 555-3083',NULL),(32079,'Kelly W.','Womble','16 South Pennsylvania','Oklahoma City','OK','73107','(405) 555-4602','(405) 555-4689',NULL),(32082,'Rene C.','Robinson','1130 Berkshire Boulevard','Wyomissing','PA','19610','(610) 555-8469','(610) 555-8557',NULL),(32083,'Martin C.','Pascal','14401 Sweitzer Lane','Houston','TX','77098','(713) 555-5650','(713) 555-5739',NULL),(32086,'Carl S.','Lewis','5800 Park Of Commerce Blvd.','Boca Raton','FL','02173','(407) 555-5818','(407) 555-5851',NULL),(32089,'Charles','Gerlach','P.O. Box 6098','Jackson','MS','39288','(601) 555-2603','(601) 555-2658',NULL),(32093,'Louis T.','Frye','One Mississippi Plaza','Tupelo','MS','38801','(601) 555-2018','(601) 555-2089',NULL),(32096,'Hugh G.','Schwartz','33 Inverness Way East','Englewood','CO','80112','(303) 555-8037','(303) 555-8069',NULL),(32098,'James C.','Moffit','11825 North Pennsylvania','Houston','TX','77056','(713) 555-6129','(713) 555-6228',NULL),(32100,'Jean A.','Kohn','3102 Shawnee Drive','Rancho Cordova','CA','95741','(916) 555-8076','(916) 555-8080',NULL),(32104,'James T.','Bushley','4150 Tuller Road','Dublin','OH','43017','(614) 555-2533','(614) 555-2545',NULL),(32107,'Paul M.','Morales','2637 Shadelands Drive','Walnut Creek','CA','94598','(510) 555-2211','(510) 555-2306',NULL),(32112,'David','Davis','513 North Duncan Bypass','Union','SC','29379','(803) 555-9057','(803) 555-9068',5000),(32113,'Gregory P.','Mork','500 West Madison','Chicago','IL','60661','(312) 555-6013','(312) 555-6076',NULL),(32117,'Ron','Meiri','1601 Trapelo Road','Waltham','MA','02154','(617) 555-5712','(617) 555-5737',NULL),(32122,'Franz A.','Owens','C/O Killington Ltd.','Killington','VT','5751','(802) 555-3354','(802) 555-3408',NULL),(32130,'Thomas W.','Britton','920 Foothill Boulevard','La Canada','CA','91011','(818) 555-2727','(818) 555-2775',7500),(32134,'Richard P.','Irwin','751 Griswold Street','Detroit','MI','48226','(313) 555-6715','(313) 555-6751',NULL),(32138,'William L.','Troubh','2700 Warwick Boulevard','Newport News','VA','23607','(804) 555-9008','(804) 555-9037',NULL),(32141,'Richard D.','Reece','One Blue Hill Plaza','Pearl River','NY','10965','(914) 555-6006','(914) 555-6083',NULL),(32147,'Robert O.','Pape','30000 Aurora Road','Solon','OH','44139','(216) 555-1005','(216) 555-1065',NULL),(32151,'Richard K.','Riley','100 Southeast Second Street','Miami','FL','33131','(305) 555-8004','(305) 555-8066',NULL),(32152,'John P.','Brull','30195 Chagrin Boulevard','Irvine','CA','92714','(714) 555-1558','(714) 555-1642',NULL),(32157,'Robert A.','Dresner','10201 Torre Avenue','Cupertino','CA','95014','(408) 555-9629','(408) 555-9698',NULL),(32162,'Milton H.','Elsbury','2959 North Rock Road','Houston','TX','77084','(713) 555-8887','(713) 555-8967',NULL),(32164,'Joel A.','McNamara','2125 O Nel Drive','San Jose','CA','95131','(408) 555-3821','(408) 555-3904',NULL),(32170,'Duncan J.','Morse','1100 East Central Avenue','West Carrollton','OH','45449','(513) 555-5211','(513) 555-5288',NULL),(32175,'John F.','McDonough','One Commerce Street','Montgomery','AL','36104','(205) 555-5086','(205) 555-5144',NULL),(32177,'Robert A.','Wright','One Clarks Island','Wausau','WI','54402','(715) 555-5288','(715) 555-5379',500),(32179,'E. Gordon','Price','John F. Kennedy International','Jamaica','NY','11430','(718) 555-4305','(718) 555-4370',NULL),(32182,'John F.','Hennessy','1315 Phillips Street','Dyersburg','TN','38024','(901) 555-2337','(901) 555-2416',NULL),(32187,'John','Olshansky','100 River Ridge Drive','Norwood','MA','02062','(617) 555-7617','(617) 555-7691',10000),(32193,'John J.','Pascal','Airport Office Park','Milford','OH','45150','(513) 555-6673','(513) 555-6772',NULL),(32196,'David M.','Paul','6801 Black Horse Pike','Pleasantville','NJ','08232','(609) 555-4568','(609) 555-4608',NULL),(32202,'Paul C.','Wrench','5900 North Andrews Avenue','Fort Lauderdale','FL','33309','(305) 555-3227','(305) 555-3318',NULL),(32205,'Leslie E.','Knobel','111 McInnis Parkway','San Rafael','CA','94903','(415) 555-5017','(415) 555-5112',5000),(32206,'Richard G.','Ness','1101 Second Avenue South','Cedar Rapids','IA','52403','(319) 555-1579','(319) 555-1677',NULL),(32208,'C. David','Janning','500 Renaissance Center','Bingham Farms','MI','48025','(810) 555-4096','(810) 555-4099',NULL),(32212,'Jay M.','Bridel','2075 West Big Beaver Road','Alpharetta','GA','30202','(404) 555-6700','(404) 555-6784',NULL),(32214,'Malvin E.','Aman','5728 Jefferson Highway','New Orleans','LA','70123','(504) 555-6818','(504) 555-6882',NULL),(32217,'Raymond S.','Rudkin','301 South High Street','Muncie','IN','47307','(317) 555-5009','(317) 555-5014',NULL),(32220,'John V.','Spina','1300 Optical Drive','Azusa','CA','91702','(818) 555-3347','(818) 555-3366',NULL),(32222,'Steve J.','Paul','500 Bayfront Parkway','Pensacola','FL','32501','(904) 555-6152','(904) 555-6227',NULL),(32223,'Ruth A.','Plank','312 Union Wharf','Boston','MA','2109','(617) 555-2231','(617) 555-2294',NULL),(32224,'Lloyd W.','Newson','1215 West Crosby Road','Carrollton','TX','75006','(214) 555-2220','(214) 555-2314',NULL),(32229,'Robert G.','Paul','8521 Six Forks Road','Raleigh','NC','27615','(919) 555-3082','(919) 555-3118',NULL),(32236,'Robert G.','Paul','1382 Bell Avenue','Tustin','CA','92680','(714) 555-5683','(714) 555-5716',NULL),(32240,'Michael W.','Boss','460 North Gulph Road','Valley Forge','PA','19482','(610) 555-7019','(610) 555-7079',5000),(32243,'Robert F.','Dugan','802 North First Street','St Louis','MO','63102','(314) 555-3029','(314) 555-3073',NULL),(32248,'Lawrence D.','Gloyd','21061 South Western Avenue','Torrance','CA','90501','(310) 555-9641','(310) 555-9664',NULL),(32252,'Jason','McCaig','175 Price Parkway','Wilmington','DE','19803','(302) 555-2851','(302) 555-2928',1000),(32254,'W. Gar','Bagwell','Fulton Drive','Corinth','MS','38834','(601) 555-3818','(601) 555-3854',NULL),(32256,'James C.','Coulter','2300 Empress Drive','Denver','CO','80202','(303) 555-8035','(303) 555-8095',NULL),(32257,'Ibrahim','Nichols','19345 U.S. 19 North','Chicago','IL','60604','(312) 555-3851','(312) 555-3856',NULL),(32261,'Robert G.','Poch','8 Centennial Drive','Peabody','MA','01960','(508) 555-3014','(508) 555-3046',7500),(32263,'Joseph W.','Greaner','7600 Boone Avenue North','Minneapolis','MN','55428','(612) 555-4892','(612) 555-4896',NULL),(32267,'John J.','Miskotten','1831 Chestnut Street','St Louis','MO','63103','(314) 555-4522','(314) 555-4585',NULL),(32270,'Lynn M.','O''Bryan','1411 Broadway','New York','NY','10018','(212) 555-7853','(212) 555-7867',7500),(32273,'Vincent','Powell','132 Fairgrounds Road','West Kingston','RI','02892','(401) 555-5746','(401) 555-5788',NULL),(32277,'R. Tobias','Newman','600 Atlantic Avenue','Boston','MA','02210','(617) 555-6081','(617) 555-6111',NULL),(32280,'Earl W.','Powell','3000 West 51St Street','Chicago','IL','60632','(312) 555-3831','(312) 555-3928',10000),(32284,'Paul G.','Gorr','800 Connecticut Avenue','Norwalk','CT','6854','(203) 555-1467','(203) 555-1477',NULL),(32287,'Judith','Gokcen','3910 Adler Place','Bethlehem','PA','18017','(610) 555-4551','(610) 555-4554',NULL),(32291,'Saul A.','Ray','2910 Avenue F East','Arlington','TX','76011','(817) 555-5728','(817) 555-5746',NULL),(32294,'Larry D.','Skeen','160 Rio Robles','San Jose','CA','95134','(408) 555-4225','(408) 555-4305',NULL),(32297,'Carl J.','Pouschine','3514 Lornaridge Drive','Birmingham','AL','35216','(205) 555-4032','(205) 555-4076',NULL),(32299,'Doug','Brainerd','2501 Woodlake Circle','Okemos','MI','48864','(517) 555-5735','(517) 555-5762',NULL),(32303,'Robert','Tanner','11501 Northeast Expressway','Oklahoma City','OK','73131','(405) 555-2449','(405) 555-2487',NULL),(32305,'James T.','Tappan','One East Fourth Street','Boca Raton','FL','33434','(407) 555-1014','(407) 555-1074',NULL),(32308,'David','Beretta','One Penn Square','Lancaster','PA','17604','(717) 555-2493','(717) 555-2537',NULL),(32320,'Earl W.','Powers','1503 Pennsylvania Avenue','Washington','DC','20005','(202) 555-6086','(202) 555-6117',NULL),(32324,'J. D.','McMullen','1305 Main Street','Stevens Point','WI','54481','(715) 555-4141','(715) 555-4154',NULL),(32327,'Walter S.','Wahl','12068 Market Street','Livonia','MI','48150','(617) 555-1025','(617) 555-1042',NULL),(32331,'James C.','Becker','10099 Seminole Boulevard','Seminole','FL','34642','(813) 555-9660','(813) 555-9701',NULL),(32332,'Bruce F.','Kimsey','Five High Ridge Park','Stamford','CT','06904','(203) 555-8342','(203) 555-8396',NULL),(32335,'Jackie L.','Krieger','767 Monterey Pass Road','Monterey Park','CA','91754','(213) 555-1684','(213) 555-1758',NULL),(32339,'William L.','Pierce','200 Peach Street','El Dorado','AR','71731','(501) 555-6434','(501) 555-6492',NULL),(32344,'Daniel R.','Stern','1348 Merchandise Mart','Chicago','IL','60654','(312) 555-3627','(312) 555-3666',NULL),(32349,'Roger G.','Rigas','One Executive Drive','Orlando','FL','32811','(407) 555-1099','(407) 555-1170',1000),(32350,'Ray U.','Burrow','2702 North 44th Street','Lincolnshire','IL','60069','(708) 555-3760','(708) 555-3828',NULL),(32354,'Raymond','Poole','One Keystone Plaza','Media','PA','19063','(610) 555-8221','(610) 555-8290',7500),(32358,'Paul','Satriale','151 Farmington Avenue','Hartford','CT','06156','(203) 555-1012','(203) 555-1015',7500),(32359,'Harold','Burrow','Four Greenwich Office Par','Redwood City','CA','94065','(415) 555-6570','(415) 555-6620',NULL),(32362,'Lawrence E.','Moore','8109 I-30','Englewood','CO','80111','(303) 555-1771','(303) 555-1868',NULL),(32366,'L. Thomas','Olson','11100 West Broad Street','Richmond','VA','23294','(804) 555-2523','(804) 555-2571',NULL),(32369,'Myron E.','Gosa','1618 Terminal Road','Chicago','IL','60611','(312) 555-8882','(312) 555-8901',1000),(32371,'Elliot B.','Gaston','500 Terminal Road','Fort Worth','TX','76106','(817) 555-7320','(817) 555-7322',NULL),(32374,'Wayne E.','Palmer','39 Old Ridgebury Road','Dallas','TX','75234','(214) 555-1234','(214) 555-1284',NULL),(32377,'John T.','Wilhite','531 Ohohia Street','Memphis','TN','38133','(901) 555-4349','(901) 555-4388',NULL),(32383,'James J.','Gosa','504 Lavaca Street','Austin','TX','78701','(512) 555-5883','(512) 555-5917',NULL),(32387,'John R.','Falck','1001 Bayhill Drive','San Bruno','CA','94066','(415) 555-1025','(415) 555-1090',NULL),(32388,'J. Sherrold','Bahna','380 Middlesex Avenue','Boulder','CO','80302','(303) 555-4012','(303) 555-4035',NULL),(32391,'Russell A.','Rose','7101 Winnetka Avenue North','Minneapolis','MN','55428','(612) 555-1001','(612) 555-1078',NULL),(32393,'James G.','Leonsis','111 Bauer Drive','Oakland','NJ','07436','(201) 555-9040','(201) 555-9120',NULL),(32397,'James W.','Flammang','One Valley Square','Charleston','WV','25326','(304) 555-7039','(304) 555-9039',NULL),(32398,'William G.','Peck','4401 Great America Parkway','Santa Clara','CA','95054','(408) 555-2476','(408) 555-2518',NULL),(32401,'Michael L.','Thomas','370 Faunce Corner Road','North Dartmouth','MA','02747','(508) 555-8028','(508) 555-8080',NULL),(32404,'Jill E.','Corddry','275 North Middletown Road','Pearl River','NY','10965','(914) 555-9234','(914) 555-9292',NULL),(32406,'Gerald N.','Getman','675 Third Avenue','Houston','TX','77027','(713) 555-8988','(713) 555-9006',NULL),(32410,'Gerald A.','Saks','727 West Glendale Avenue','Milwaukee','WI','53201','(414) 555-8166','(414) 555-8225',NULL),(32412,'Kerry B.','Bryne','4404-G Stuart Andrew Boulevard','Charlotte','NC','28217','(704) 555-2130','(704) 555-2168',5000),(32415,'Edward','Yau','1100 Superior Avenue','Cleveland','OH','44114','(216) 555-3348','(216) 555-3405',NULL),(32420,'Jacques','Zrno','301 Fremont Street','Roswell','GA','30076','(404) 555-9959','(404) 555-1002',NULL),(32423,'William R.','Wright','Two North Riverside Plaza','Houston','TX','77056','(713) 555-9439','(713) 555-9454',NULL),(32427,'Stuart A.','Shapiro','1840 Dehavilland Drive','Scottsdale','AZ','85251','(602) 555-2027','(602) 555-2068',5000),(32431,'Martin','Perlegos','625 Madison Avenue','New York','NY','10022','(212) 555-6322','(212) 555-6378',NULL),(32435,'Patrick J.','Perry','600 Fifth Avenue','New York','NY','10020','(212) 555-8132','(212) 555-8216',NULL),(32436,'A. B.','Salomone','One Merrill Circle','St Paul','MN','55108','(612) 555-4515','(612) 555-4598',NULL),(32441,'Gary D.','Baertl','11103 West Avenue','San Antonio','TX','78213','(210) 555-3550','(210) 555-3646',10000),(32445,'Harold','Austen','1700 Farnam Street','Omaha','NE','68102','(402) 555-6009','(402) 555-6020',NULL),(32447,'Robert F.','Ray','21700 Atlantic Boulevard','Dulles','VA','20166','(703) 555-5033','(703) 555-5110',NULL),(32451,'John','Rudovsky','201 Route 17 North','Rutherford','NJ','07070','(201) 555-1412','(201) 555-1429',500),(32453,'Robert F.','Wallace','1615 West Chicago Avenue','Chicago','IL','60622','(312) 555-8029','(312) 555-8078',NULL),(32457,'Robert G.','Goodman','150 Cambridgepark Drive','Cambridge','MA','02140','(617) 555-2063','(617) 555-2125',NULL),(32460,'Julian N.','Kiley','Two College Park Drive','Hooksett','NH','3106','(603) 555-7072','(603) 555-7087',NULL),(32462,'Robert G.','Sapp','655 Church Street','Indiana','PA','15701','(412) 555-5838','(412) 555-5848',NULL),(32466,'James P.','Schut','4041 Essen Lane','Baton Rouge','LA','70809','(504) 555-6018','(504) 555-6083',NULL),(32470,'Mary R.','Calamari','1200 West Marlboro Road','Farmville','NC','27828','(919) 555-8023','(919) 555-8073',NULL),(32474,'Joseph T.','Pineo','1111 Nicholas Boulevard','Elk Grove Village','IL','60007','(708) 555-4009','(708) 555-4057',NULL),(32479,'John A.','Seriff','43 West 23Rd Street','New York','NY','10010','(212) 555-7411','(212) 555-7450',NULL),(32483,'Donna M.','Douchane','125 West 55th Street','New York','NY','10019','(212) 555-6016','(212) 555-6052',5000),(32486,'Ervin F.','Geri','105 Reynolds Drive','New Haven','CT','6511','(203) 555-2314','(203) 555-2406',NULL),(32495,'Joel M.','Raney','1440 M Street','Lincoln','NE','68508','(402) 555-2237','(402) 555-2241',NULL),(32496,'Maitiahu','Wehr','Bank Of Oklahoma Tower','Tulsa','OK','74192','(918) 555-6013','(918) 555-6019',NULL),(32498,'Joe L.','Shaich','5929 College Avenue','Oakland','CA','94618','(510) 555-8270','(510) 555-8303',NULL),(32502,'Leon','Nickele','1220 Charleston Road','Mountain View','CA','94039','(415) 555-9142','(415) 555-9205',NULL),(32506,'Amos','Sheridan','600 South East Coast Avenue','Lantana','FL','33462','(407) 555-1070','(407) 555-1073',NULL),(32510,'Marc S.','Shalam','1859 Intertech Drive','Fenton','MO','63026','(314) 555-3521','(314) 555-3587',NULL),(32513,'George L.','Quinn','1108 Fifth Avenue','Southbury','CT','6488','(203) 555-5771','(203) 555-5860',7500),(32519,'John W.','Metz','1310 Fairmont Avenue','Fairmont','WV','26554','(304) 555-3078','(304) 555-3143',NULL),(32523,'Ward B.','Ward','105 Reynolds Drive','Franklin','TN','37064','(615) 555-3328','(615) 555-3376',NULL),(32525,'Thomas H.','Quinn','Two Northshore Center','Pittsburgh','PA','15212','(412) 555-8252','(412) 555-8330',NULL),(32526,'John L.','Underhill','3233 Newmark Drive','Dayton','OH','45342','(513) 555-7521','(513) 555-7550',NULL),(32530,'John','Lovell','13809 South Figueroa Street','Los Angeles','CA','90061','(213) 555-4575','(213) 555-4612',NULL),(32536,'James V.','Fallon','2187 Atlantic Street','Troy','MI','48084','(810) 555-5804','(810) 555-5864',NULL),(32539,'L. D.','Sherman','17876 Saint Clair Avenue','Cleveland','OH','44110','(216) 555-4218','(216) 555-4273',NULL),(32542,'Dennis J.','Uthoff','800 West Bryn Mawr Avenue','Lake Oswego','OR','97035','(503) 555-7012','(503) 555-7100',NULL),(32547,'Andre J.','McDaniel','7 Mercedes Drive','Montvale','NJ','07645','(201) 555-9877','(201) 555-9907',NULL),(32550,'Theodore','Cochran','300 Nyala Farms','Westport','CT','6880','(203) 555-4079','(203) 555-4088',NULL),(32554,'H. Steven','Brophy','19001 South Western Avenue','Torrance','CA','90509','(310) 555-1337','(310) 555-1392',NULL),(32556,'Alan C.','Bogen','One East Fourth Street','Cincinnati','OH','45202','(513) 555-8038','(513) 555-8107',NULL),(32561,'Roger P.','Ramsey','85 Fifth Avenue','New York','NY','10003','(212) 555-8811','(212) 555-8825',NULL),(32563,'John S.','Shuey','7201 Industrial Park Boulevard','Fort Worth','TX','76180','(817) 555-6499','(817) 555-6536',NULL),(32565,'John J.','Shanks','691 South Milpitas Boulevard','Milpitas','CA','95035','(408) 555-8604','(408) 555-8629',NULL),(32568,'Roger A.','Reagan','500 West Monroe Street','Chicago','IL','60661','(312) 555-6234','(312) 555-6276',NULL),(32571,'David W.','Forster','26534 Danti Court','Hayward','CA','94540','(510) 555-9639','(510) 555-9709',NULL),(32573,'Sam','Weinberg','1585 Charleston Road','Mountain View','CA','94043','(415) 555-4456','(415) 555-4553',500),(32577,'James R.','Yost','136 Madison Avenue','New York','NY','10016','(212) 555-7290','(212) 555-7316',NULL),(32582,'John M.','Bard','4900 West 78Th Street','Newport Beach','CA','92660','(714) 555-1770','(714) 555-1830',NULL),(32587,'James J.','Roloff','5051 Westheimer','Houston','TX','77056','(713) 555-9541','(713) 555-9598',NULL),(32589,'Beverly L.','Little','4508 Ids Center','Minneapolis','MN','55402','(612) 555-2385','(612) 555-2441',NULL),(32593,'George T.','Cicero','309 Lafayette Road','Chickamauga','GA','30707','(706) 555-3158','(706) 555-3247',NULL),(32596,'M. Richard','Kopp','301 Industrial Boulevard','Conway','AR','72033','(501) 555-1004','(501) 555-1022',NULL),(32603,'Joseph A.','Gaston','83 Gerber Road West','South Windsor','CT','06074','(203) 555-1571','(203) 555-1613',NULL),(32608,'S. H.','Balog','6 Hazel Street','Attleboro','MA','02703','(508) 555-3413','(508) 555-3512',NULL),(32610,'I. Gary','Bell','500 Renaissance Center','Detroit','MI','48243','(313) 555-2411','(313) 555-2436',NULL),(32612,'William A.','Reed','33325 8Th Avenue South','Federal Way','WA','98003','(206) 555-7025','(206) 555-7062',NULL),(32616,'Harold','Stetson','One Executive Boulevard','Yonkers','NY','10701','(914) 555-6691','(914) 555-6706',NULL),(32619,'Gerald N.','Naples','700 Canal Street','Stamford','CT','6902','(203) 555-1512','(203) 555-1541',NULL),(32623,'P. Jack','Sanchez','5900 North Andrews Avenue','Fort Lauderdale','FL','33309','(305) 555-3458','(305) 555-3542',NULL),(32627,'Rex J.','Marshall','55 Jewelers Park Drive','Neenah','WI','54957','(414) 555-3493','(414) 555-3560',NULL),(32631,'Luis J.','Welber','6000 Central Highway','Pennsauken','NJ','08109','(609) 555-9596','(609) 555-9645',500),(32636,'John G.','Zaffaroni','411 Eagleview Boulevard','Rosemont','IL','60018','(708) 555-2139','(708) 555-2223',NULL),(32640,'Pascual','Sanders','2800 Pottsville Pike','Reading','PA','19605','(610) 555-3614','(610) 555-3707',NULL),(32644,'E. Blake','Lanza','1579 Straits Turnpike','Middlebury','CT','06762','(203) 555-1143','(203) 555-1191',NULL),(32647,'John J.','McNamara','4280 Hacienda Drive','Pleasanton','CA','94588','(510) 555-4036','(510) 555-4041',NULL),(32650,'Robert R.','Brown','2500 Chemed Center','Dallas','TX','75219','(214) 555-3405','(214) 555-3456',NULL),(32651,'Herbert','Munthe','4800 Cox Road','Glen Allen','VA','23060','(804) 555-9844','(804) 555-9919',1000),(32654,'Bragi F.','Shive','400 South Fourth Street','Atchison','KS','66002','(913) 555-2154','(913) 555-2197',1000),(32659,'Julie A.','Blount','3 Speen Street','Framingham','MA','01701','(508) 555-3720','(508) 555-3766',NULL),(32664,'Anthony F.','Quin','23 Inverness Way East','Englewood','CO','80112','(303) 555-8108','(303) 555-8139',NULL),(32668,'John F.','Davidson','Brandywine Corporate Cent','Claymont','DE','19703','(302) 555-4453','(302) 555-4518',NULL),(32673,'Peter H.','Wheaton','Amsouth-Sonat Tower','Birmingham','AL','35203','(205) 555-3808','(205) 555-3822',NULL),(32676,'Paul I.','Belcher','302 Peoples Avenue','Rockford','IL','61104','(815) 555-8747','(815) 555-8770',NULL),(32677,'Timothy L.','Sena','1845 Walnut Street','Philadelphia','PA','19103','(215) 555-9937','(215) 555-9976',NULL),(32679,'Warde F.','Hoffman','11411 Price Road','Hebron','IL','60034','(815) 555-2459','(815) 555-2524',NULL),(32687,'William G.','Litten','One Mason Drive','Jamestown','NY','14702','(716) 555-2032','(716) 555-2124',NULL),(32690,'Ronald V.','Gant','315 East 62Nd Street','New York','NY','10021','(212) 555-9696','(212) 555-9792',NULL),(32693,'Paul L.','Underberg','2900 Chemed Center','Cincinnati','OH','45202','(513) 555-6513','(513) 555-6580',NULL),(32704,'Earl C.','Sickle','607 Hansen Way','Birmingham','AL','35209','(205) 555-8113','(205) 555-8200',NULL),(32708,'Melvyn J.','Fancher','P.O. Box 1264','Pleasantville','NJ','08232','(609) 555-4169','(609) 555-4262',NULL),(32711,'Milton R.','Weber','7101 College Boulevard','Overland Park','KS','66210','(913) 555-9033','(913) 555-9053',NULL),(32716,'Norman','Zell','125 Maiden Lane','New York','NY','10038','(212) 555-6018','(212) 555-6103',NULL),(32720,'John H.','Smith','100 Lighting Way','Secaucus','NJ','07096','(201) 555-3072','(201) 555-3105',NULL),(32723,'Richard, Ii','Doss','8150 Washington Village D','Dayton','OH','45458','(513) 555-6383','(513) 555-6482',NULL),(32729,'Ward C.','Kimball','3910 Adler Place','Santa Clara','CA','95054','(408) 555-8678','(408) 555-8765',NULL),(32731,'John P.','Smith','7911 Haskell Avenue','Van Nuys','CA','91410','(818) 555-3411','(818) 555-3429',NULL),(32734,'Cody T.','Siegel','49 Old Bloomfield Avenue','Mountain Lakes','NJ','07046','(201) 555-7469','(201) 555-7510',NULL),(32737,'David L.','Becker','1231 25Th Street Northwest','Washington','DC','20037','(202) 555-4233','(202) 555-4287',NULL),(32738,'Mark A.','Blackwell','112 North Adams Street','Green Bay','WI','54301','(414) 555-3201','(414) 555-3256',10000),(32740,'Lawrence A.','Sim','75 Tonawanda Street','Buffalo','NY','14207','(716) 555-6041','(716) 555-6121',NULL),(32742,'Alan D.','Hesse','369 Marshall Avenue','St Louis','MO','63119','(314) 555-3509','(314) 555-3588',NULL),(32744,'Ronald L.','Strauss','5803 Glenmont Drive','Birmingham','AL','35242','(205) 555-1255','(205) 555-1351',NULL),(32747,'R. David','Bair','One East Fourth Street','Cincinnati','OH','45202','(513) 555-2003','(513) 555-2008',NULL),(32750,'Donald R.','Gale','701 North Lilac Drive','Minneapolis','MN','55440','(612) 555-1240','(612) 555-1278',NULL),(32755,'Michel Awad','Cohen','250 Harbor Drive','Stamford','CT','06902','(203) 555-9012','(203) 555-9019',NULL),(32758,'Keith S.','Ness','1915 Rexford Road','Charlotte','NC','28211','(704) 555-3140','(704) 555-3173',NULL),(32763,'Gary','Horsell','One Aerial Way','Syosset','NY','11791','(516) 555-4974','(516) 555-5000',5000),(32765,'Jj. Marvin','Mork','90 East Halsey Road','Parsippany','NJ','07054','(201) 555-9521','(201) 555-9595',1000),(32770,'Ernest T.','Cooke','8685 Northwest 53Rd Terra','Miami','FL','33166','(305) 555-7771','(305) 555-7797',NULL),(32774,'Jean','Shaw','2800 Post Oak Boulevard','Houston','TX','77251','(713) 555-2008','(713) 555-2106',NULL),(32777,'Thomas H.','Shack','11001 Park Charlotte Boulevard','Charlotte','NC','28273','(704) 555-4376','(704) 555-4386',500),(32781,'Donald D.','Shack','P O Box 7','Manitowoc','WI','54220','(414) 555-4432','(414) 555-4518',NULL),(32787,'Robert','Kerrick','47603 Halyard Drive','Plymouth','MI','48170','(313) 555-6207','(313) 555-6208',10000),(32791,'Tsung-Ching','So','Sixth Floor','New York','NY','10022','(212) 555-4724','(212) 555-4803',NULL),(32794,'Ronald J.','Hunter','One Beacon Street','Boston','MA','02108','(617) 555-8445','(617) 555-8467',NULL),(32798,'Marco C.','Baker','65 Locust Avenue','New Canaan','CT','06840','(203) 555-1478','(203) 555-1571',NULL),(32803,'John C.','Brennan','2850 West Golf Road','Rolling Meadows','IL','60008','(708) 555-4491','(708) 555-4569',NULL),(32805,'Bruce F.','Hutkin','312 Union Wharf','Stamford','CT','06901','(203) 555-1464','(203) 555-1531',500),(32806,'Robert B.','Kaplan','27271 Las Ramblas','Mission Viejo','CA','92691','(714) 555-1824','(714) 555-1853',NULL),(32810,'Samuel','Pate','Liberty Lane','Hampton','NH','3842','(603) 555-2668','(603) 555-2753',10000),(32813,'Alan G.','Fox','8600 North West 36Th Street','Miami','FL','33166','(305) 555-1843','(305) 555-1895',NULL),(32817,'H. Randall','Pierce','6730 South Tucson Boulevard','Tucson','AZ','85706','(520) 555-1130','(520) 555-1209',1000),(32818,'Michael L.','Devivo','6433 Southeast Lake Road','Milwaukie','OR','97269','(503) 555-1065','(503) 555-1104',NULL),(32823,'Gert W.','Taylor','6100 Oak Tree Boulevard','Cleveland','OH','44131','(216) 555-6018','(216) 555-6026',NULL),(32827,'Donald D.','Shack','4 Greenway Plaza','Houston','TX','77046','(713) 555-7565','(713) 555-7641',NULL),(32828,'Arthur H.','Elliot','165 Main Street','Cortland','NY','13045','(607) 555-2865','(607) 555-2878',NULL),(32829,'Bruce H.','Milling','105 Norton Street','Newark','NY','14513','(315) 555-7817','(315) 555-7832',NULL),(32835,'Barry L.','Wechter','73 Mount Wayte Avenue','Framingham','MA','01701','(508) 555-2010','(508) 555-2018',NULL),(32837,'Donald D.','Shope','3030 Jackson Avenue','Memphis','TN','38112','(901) 555-3451','(901) 555-3486',NULL),(32841,'Kelly W.','Silber','301 Perimeter Center North','Atlanta','GA','30354','(404) 555-1452','(404) 555-1503',10000),(32847,'David S.','Conroy','1400 Corporate Center Way','Wellington','FL','33414','(407) 555-5018','(407) 555-5085',NULL),(32849,'Richard G.','Sim','Parker Building','Tulsa','OK','74103','(918) 555-8229','(918) 555-8287',NULL),(32851,'Mair','Busbee','One Lillehei Plaza','St Paul','MN','55117','(612) 555-2067','(612) 555-2107',NULL),(32852,'Douglas G.','Reilly','6954 Americana Parkway','Reynoldsburg','OH','43068','(614) 555-1601','(614) 555-1622',NULL),(32855,'Graeme A.','Greene','225 High Ridge Road','Stamford','CT','6905','(203) 555-8177','(203) 555-8220',NULL),(32858,'Dunia A.','Smith','One Mediq Plaza','Pennsauken','NJ','08110','(609) 555-9306','(609) 555-9345',500),(32863,'Edward F.','Hintz','3550 West Market Street','Akron','OH','44333','(216) 555-3829','(216) 555-3833',NULL),(32867,'Joseph','Towers','860 Broadway','New York','NY','10003','(212) 555-9421','(212) 555-9473',NULL),(32871,'John F.','Shepard','700 Canal Street','Stamford','CT','6902','(203) 555-1535','(203) 555-1575',NULL),(32882,'Allan C.','Sisois','17180 Bernardo Center Drive','Dallas','TX','75240','(214) 555-9269','(214) 555-9332',NULL),(32884,'Thomas','Friedman','835 Lancer Drive','Moorestown','NJ','08057','(609) 555-5680','(609) 555-5689',NULL),(32885,'James A.','Waxlax','339 Jefferson Road','Parsippany','NJ','07054','(201) 555-9722','(201) 555-9810',NULL),(32886,'Gene','Yoshimoto','17180 Bernardo Center Drive','San Diego','CA','92128','(619) 555-1618','(619) 555-1680',NULL),(32889,'Gary L.','Schwartz','811 North Collins Freeway','Howe','TX','75459','(903) 555-5599','(903) 555-5685',NULL),(32893,'Diane O.','Sokalsky','309 East Paces Ferry Road','Atlanta','GA','30305','(404) 555-6211','(404) 555-6275',NULL),(32898,'James','Stott','P. O. Box 259','Jackpot','NV','89825','(702) 555-6021','(702) 555-6053',NULL),(32901,'Charles J.','Shank','200 Riverview Drive','Fulton','MS','38843','(601) 555-7839','(601) 555-7902',7500),(32902,'Joel A.','Tandberg','1900 Shawnee Mission Park','Indianapolis','IN','46204','(317) 555-3433','(317) 555-3494',NULL),(32903,'Gerald J.','Smith','40 Wantage Avenue','Branchville','NJ','07890','(201) 555-3018','(201) 555-3033',500),(32906,'Albert L.','Newman','2300 Empress Drive','Joliet','IL','60436','(815) 555-9459','(815) 555-9481',NULL),(32907,'Lynn L.','Hamm','2200 West Parkway Boulevard','Salt Lake City','UT','84119','(801) 555-1833','(801) 555-1907',5000),(32910,'Daniel','Svikhart','174 South 26th Street','Gadsden','AL','35904','(205) 555-6141','(205) 555-6229',10000),(32912,'Nev A.','Hanson','100 Gando Drive','New Haven','CT','6513','(216) 555-5814','(216) 555-5860',NULL),(32913,'Larry S.','Flowers','89 East Avenue','Rochester','NY','14649','(716) 555-2724','(716) 555-2738',7500),(32916,'William K.','Doolwy','51 Chestnut Ridge Road','Montvale','NJ','07645','(201) 555-9619','(201) 555-9632',NULL),(32918,'George E.','Smith','4560 Horton Street','Emeryville','CA','94608','(510) 555-8743','(510) 555-8793',NULL),(32921,'Robert M.','Smith','1426 Main Street','Livonia','MI','48150','(313) 555-2341','(313) 555-2400',NULL),(32923,'Robert','Frankino','One Culligan Parkway','Northbrook','IL','60062','(708) 555-6040','(708) 555-6045',NULL),(32924,'James B.','May','215 Commerce Boulevard','Anderson','SC','29621','(803) 555-6307','(803) 555-6339',NULL),(32929,'Robert L.','Clark','12A Manor Parkway','Salem','NH','03079','(603) 555-8067','(603) 555-8144',NULL),(32931,'W. Norman','Smith','National Data Plaza','Atlanta','GA','30329','(404) 555-2068','(404) 555-2166',NULL),(32933,'George','Sonshine','63 Copps Hill Road','Ridgefield','CT','06877','(203) 555-6080','(203) 555-6130',NULL),(32938,'Jodi L.','Rhines','775 Corporate Woods Parkway','Vernon Hills','IL','60061','(708) 555-4505','(708) 555-4533',NULL),(32942,'Richard G.','Stoehr','100 East Pratt Street','Baltimore','MD','21202','(410) 555-2012','(410) 555-2110',1000),(32946,'Edward','Soshnick','51 West 52Nd Street','New York','NY','10019','(212) 555-9230','(212) 555-9314',10000),(32949,'W. Norman','Staub','2840 Morris Avenue','Union','NJ','07083','(908) 555-2004','(908) 555-2099',NULL),(32954,'Charles M.','Jacobs','25 Research Drive','Westborough','MA','01582','(508) 555-2022','(508) 555-2061',NULL),(32957,'Daniel','Snuszka','200 Madison Avenue','New York','NY','10016','(212) 555-2720','(212) 555-2747',10000),(32961,'David','Chesser','Two North Riverside Plaza','Chicago','IL','60606','(312) 555-1941','(312) 555-2031',NULL),(32963,'S. S.','Vachani','3760 I-55 North','Jackson','MS','39211','(601) 555-8216','(601) 555-8240',10000),(32968,'Theodore','Nolf','1561 Grand Boulevard','Hamilton','OH','45012','(513) 555-4047','(513) 555-4058',NULL),(32971,'Lorne R.','Newman','4900 Frontage Road South','Milwaukee','WI','53202','(414) 555-3556','(414) 555-3561',NULL),(32975,'Robert C.','Kanders','6226 West Sahara Avenue','Las Vegas','NV','89102','(702) 555-5050','(702) 555-5083',NULL),(32978,'Scott C.','Swift','34 Maple Street','Milford','MA','1757','(212) 555-5903','(212) 555-5956',7500),(32982,'Warren B.','Coppola','Rodney Square North','Wilmington','DE','19890','(302) 555-1032','(302) 555-1041',NULL),(32987,'Coby C.','Janus','455 North Cityfront Plaza','Marietta','GA','30339','(770) 555-1291','(770) 555-1351',NULL),(32991,'Stephen G.','Smith','601 South Raguet','Lufkin','TX','75901','(409) 555-2246','(409) 555-2264',NULL),(32995,'Travis E.','Stern','5794 West Las Positas Boulevard','Pleasonton','CA','94588','(510) 555-9537','(510) 555-9595',NULL),(32999,'Mats','Moksnes','21555 Oxnard Street','Palm Desert','CA','92260','(619) 555-1061','(619) 555-1091',NULL),(33001,'James E.','Egan','Highway 41 North','Addison','AL','35540','(205) 555-1582','(205) 555-1661',NULL),(33003,'E. Davis','Wilkie','8201 Beverly Boulevard','Oklahoma City','OK','73120','(405) 555-3653','(405) 555-3676',NULL),(33008,'David M.','Larusso','10500 Westoffice Drive','Houston','TX','77042','(713) 555-7857','(713) 555-7858',NULL),(33013,'Erik G.','Voelkert','701 Fifth Avenue','Des Moines','IA','50391','(515) 555-4252','(515) 555-4280',NULL),(33014,'Barry F.','Price','370 Van Gordon Street','Lakewood','CO','80228','(303) 555-1788','(303) 555-1843',NULL),(33016,'Jerrold L.','Sutton','1373 Broad Street','Clifton','NJ','07013','(201) 555-3306','(201) 555-3310',NULL),(33021,'Richard G.','Kirk','York Street Extended','Hanover','PA','17331','(717) 555-6027','(717) 555-6123',NULL),(33023,'Steve J.','Weil','One Liberty Square','Los Angeles','CA','90071','(213) 555-7021','(213) 555-7061',NULL),(33028,'Joel R.','Berenson','Highways 20 and 136','Dyerville','IA','52040','(319) 555-2070','(319) 555-2125',NULL),(33035,'Alan B.','Herndon','6001 North 24Th Street','Phoenix','AZ','85016','(602) 555-8045','(602) 555-8093',NULL),(33037,'Wayne','Weintraub','780 Mcclure Road','Aurora','IL','60504','(708) 555-7413','(708) 555-7495',NULL),(33039,'W. Kim','Novick','100 West Houston Street','San Antonio','TX','78205','(210) 555-4073','(210) 555-4111',7500),(33043,'A. Lorne','Weil','9151 Rehco Road','San Diego','CA','92121','(619) 555-7883','(619) 555-7968',NULL),(33044,'Mark E.','Bertelsen','29 Stevens Street','Greenville','SC','29602','(803) 555-2398','(803) 555-2424',10000),(33047,'Paul','Harrison','260 Madison Avenue','New York','NY','10016','(212) 555-4786','(212) 555-4825',NULL),(33050,'Floyd R.','Nakao','1750 East Golf Road','Schaumburg','IL','60173','(708) 555-4191','(708) 555-4264',NULL),(33059,'David V.','McManus','2020 Santa Monica Boulevard','Denver','CO','80202','(303) 555-4986','(303) 555-4988',NULL),(33061,'Allen R.','Hummer','83 Edison Drive','Augusta','ME','04336','(207) 555-3540','(207) 555-3550',NULL),(33064,'Thomas B.','Perry','5301 Maryland Way','Brentwood','TN','37027','(615) 555-7058','(615) 555-7076',NULL),(33066,'Alan','Dupuy','505 Martinsville Road','Liberty Corner','NJ','07938','(908) 555-8698','(908) 555-8749',NULL),(33068,'Kenneth L.','King','3650 131St Avenue Southeast','Bellevue','WA','98006','(206) 555-5752','(206) 555-5784',NULL),(33073,'Elliot B.','Thomas','2959 North Rock Road','Wichita','KS','67226','(316) 555-6318','(316) 555-6357',NULL),(33076,'Connie R.','Diaz','19119 16Th Avenue South','Seattle','WA','98188','(206) 555-3776','(206) 555-3864',NULL),(33081,'Mark M.','Moon','3333 West Good Hope Road','Dallas','TX','75234','(214) 555-2262','(214) 555-2350',NULL),(33083,'A. Lorne','Wyss','4050 Olson Memorial Highway','Golden Valley','MN','55422','(612) 555-6038','(612) 555-6116',10000),(33085,'Mikes N.','Storch','3040 Post Oak Boulevard','Houston','TX','77056','(713) 555-6033','(713) 555-6047',NULL),(33090,'Ernest','Brock','866 West Peachtree Street','Largo','FL','34640','(813) 555-4521','(813) 555-4567',NULL),(33094,'David P.','Suttle','One Metropolitan Square','St Louis','MO','63102','(314) 555-1454','(314) 555-1507',NULL),(33096,'James','Kurtz','One International Place','Boston','MA','2110','(617) 555-8929','(617) 555-8983',NULL),(33100,'Robert L.','Ashken','2240 Ringwood Avenue','San Jose','CA','95131','(408) 555-5261','(408) 555-5349',NULL),(33102,'David M.','Burr','16406 U.S. Route 224 East','Findlay','OH','45840','(419) 555-3558','(419) 555-3564',10000),(33104,'W. Tod','Bogen','1601 Trapelo Road','Dallas','TX','75240','(214) 555-6801','(214) 555-6843',NULL),(33106,'Noah T.','Kendall','717 North Harwood Street','Dallas','TX','75201','(214) 555-2028','(214) 555-2071',NULL),(33110,'Ian G. H.','Kaplan','706 South State Street','Girard','OH','44420','(216) 555-4338','(216) 555-4417',NULL),(33113,'Harry H.','Bauman','P O Box 959','Valley Forge','PA','19482','(610) 555-4530','(610) 555-4549',NULL),(33115,'Michael E.','Cerqua','7000 Roberts Street','Kansas City','MO','64125','(816) 555-5109','(816) 555-5186',NULL),(33118,'Mary P.','Hecht','6111 North River Road','Rosemont','IL','60018','(708) 555-3038','(708) 555-3105',NULL),(33123,'Joseph R.','Torchia','400 North Fourth Street','Bismarck','ND','58501','(701) 555-7911','(701) 555-7917',NULL),(33125,'Castor F.','Guth','2435 North Central Expressway','Richardson','TX','75080','(214) 555-4039','(214) 555-4063',5000),(33129,'J. G.','Theeuwes','8258 Richfood Road','Mechanicsville','VA','23111','(804) 555-6022','(804) 555-6097',NULL),(33134,'Arthur H.','Murphy','15301 Dallas Parkway','Dallas','TX','75248','(214) 555-2431','(214) 555-2505',NULL),(33138,'Ray','Gaba','23000 Roundy Drive','Los Angeles','CA','90064','(310) 555-3975','(310) 555-3993',7500),(33142,'Glen E.','Horn','308 East Pearl Street','Houston','TX','77068','(713) 555-5256','(713) 555-5290',NULL),(33143,'Russell J.','Miller','213 Market Street','Harrisburg','PA','17105','(717) 555-2141','(717) 555-2197',NULL),(33145,'William A.','Tapie','1947 Bethany Road','Sycamore','IL','60178','(815) 555-2128','(815) 555-2215',NULL),(33150,'M. Bruce','Rusch','170 West Tasman Drive','San Jose','CA','95134','(408) 555-4011','(408) 555-4088',NULL),(33154,'Hansjorg','Wyss','1361 Alps Road','Wayne','NJ','07470','(201) 555-3017','(201) 555-3084',NULL),(33156,'Leon T.','Saverys','1845 West 205Th Street','Torrance','CA','90501','(310) 555-9665','(310) 555-9759',NULL),(33157,'James J.','Holt','125 East County Line Road','Warminster','PA','18974','(215) 555-6026','(215) 555-6057',NULL),(33161,'Richard W.','Roscoe','115 East Main Street','Thomaston','GA','30286','(706) 555-7195','(706) 555-7095',10000),(33164,'Michael R.','Stuart','23456 Hawthorne Boulevard','Chicago','IL','60601','(312) 555-2024','(312) 555-2085',NULL),(33166,'Louis D.','Teeter','Marine Air Terminal','Flushing','NY','11371','(718) 555-4176','(718) 555-4221',NULL),(33171,'Paul D.','Riedel','515 Post Oak Boulevard','Houston','TX','77027','(713) 555-2656','(713) 555-2724',NULL),(33175,'Mark A.','Ofverberg','1201 Walnut Street','Kansas City','MO','64106','(816) 555-2263','(816) 555-2274',NULL),(33180,'Finis F.','Thomas','1121 Alderman Drive','Rosemont','IL','60018','(708) 555-2053','(708) 555-2089',NULL),(33182,'Alan E.','Narang','4435 Spring Valley Road','Dallas','TX','75244','(214) 555-7712','(214) 555-7775',NULL),(33183,'David L.','Vieau','20633 South Fordyce Avenue','Long Beach','CA','90810','(310) 555-3727','(310) 555-3777',NULL),(33186,'Mats J.','Hutcheson','One Quality Street','Lexington','KY','40507','(606) 555-2151','(606) 555-2172',NULL),(33188,'Bruce R.','Blank','One Commerce Square','Philadelphia','PA','19103','(215) 555-3141','(215) 555-3152',NULL),(33189,'Marlene A.','Hooks','7887 Washington Village D','Dayton','OH','45459','(513) 555-7031','(513) 555-7066',NULL),(33191,'Nicolas','Dargene','6200 South Gilmore Road','Fairfield','OH','45014','(513) 555-2016','(513) 555-2041',NULL),(33193,'Jamie C.','Kohlberg','500 Hanover Pike','Hampstead','MD','21074','(410) 555-2736','(410) 555-2807',NULL),(33194,'Martin','James','34 Maple Street','Milford','MA','1757','(508) 555-2038','(508) 555-2046',NULL),(33196,'Ivan W.','Hamm','200 State Street','Beloit','WI','53511','(608) 555-8824','(608) 555-8898',NULL),(33203,'Debby Jo','Burke','Lacey Place','Southport','CT','6490','(203) 555-7874','(203) 555-7883',500),(33204,'J. Don','Brown','1844 Ferry Road','Naperville','IL','60563','(708) 555-8893','(708) 555-8991',NULL),(33208,'Albert E.','Guth','1100 Landmark Towers','St Paul','MN','55102','(612) 555-3465','(612) 555-3513',NULL),(33212,'Rod','Lacroix','Twelfth Floor','Plymouth','MN','55441','(612) 555-1123','(612) 555-1149',NULL),(33216,'Lawrence P.','Alvo','355 Main Street','Whitinsville','MA','1588','(508) 555-4656','(508) 555-4710',500),(33221,'Gerald D.','Nahmad','3333 Hillview Avenue','Palo Alto','CA','94304','(415) 555-4174','(415) 555-4234',NULL),(33223,'Irvin','Dionne','29982 Ivy Glenn Drive','Laguna Niguel','CA','92677','(714) 555-5391','(714) 555-5462',NULL),(33228,'James R.','Wagner','3700 West Flamingo Road','Las Vegas','NV','89103','(702) 555-7750','(702) 555-7824',NULL),(33231,'James R.','Walters','1983 Marcus Avenue','Lake Success','NY','11042','(516) 555-1055','(516) 555-1072',NULL),(33234,'M.','Bohen','18 East 48Th Street','New York','NY','10017','(212) 555-8844','(212) 555-8940',NULL),(33236,'H. Andrew','Beekman','135 East Baltimore Street','Baltimore','MD','21202','(410) 555-1786','(410) 555-1836',NULL),(33240,'Stephen V.','Payne','1114 Avenue Of The Americas','New York','NY','10036','(212) 555-1233','(212) 555-1282',5000),(33244,'Yaacov','Handwerker','3915 Delaware Avenue','Des Moines','IA','50316','(515) 555-3132','(515) 555-3192',NULL),(33246,'Samuel R.','West','2300 Empress Drive','Joliet','IL','60436','(815) 555-9450','(815) 555-9461',NULL),(33248,'Anthony A.','Gagnier','P.O. Box 2000','Bloomfield Hills','MI','48304','(810) 555-3428','(810) 555-3485',NULL),(33253,'Daniel R.','Lebow','900 Richards Street','Honolulu','HI','96813','(808) 555-5695','(808) 555-5709',NULL),(33255,'Mary','Harvey','6805 Morrison Boulevard','Charlotte','NC','28211','(704) 555-4233','(704) 555-4242',NULL),(33257,'Anil K.','Miller','11355 North Torrey Pines','La Jolla','CA','92037','(619) 555-4941','(619) 555-4983',7500),(33260,'Karen B.','Forbes','11222 Quail Roost Drive','Miami','FL','33157','(305) 555-2276','(305) 555-2322',NULL),(33264,'Lane','Jansson','One Main Street','Cambridge','MA','02142','(617) 555-4019','(617) 555-4053',NULL),(33268,'Frank W.','Fast','221 U.S. Highway 20 West','Middlebury','IN','46540','(219) 555-5929','(219) 555-8929',NULL),(33271,'William C.','Yocam','1666 East Touhy Avenue','Des Plaines','IL','60018','(708) 555-9694','(708) 555-9742',NULL),(33273,'Carl J.','Simpson','One Results Way','Cupertino','CA','95014','(408) 555-1516','(408) 555-1542',NULL),(33276,'S.','Franklin','500 East North Avenue','Carol Stream','IL','60188','(708) 555-6175','(708) 555-6239',NULL),(33280,'Isaac Ergas','Call','478 Wheelers Farms Road','Milford','CT','6460','(203) 555-7604','(203) 555-7630',NULL),(33282,'Charles R.','Porter','4100 Bohannon Drive','Menlo Park','CA','94025','(415) 555-6305','(415) 555-6332',NULL),(33285,'Jack D.','Wong','1900 Gulf Street','Lamar','MO','64759','(417) 555-3338','(417) 555-3377',NULL),(33289,'Murray','Brumfield','P.O. Box 1371','Pulaski','VA','24301','(703) 555-7400','(703) 555-7431',NULL),(33293,'William M.','Powell','6581 Revlon Drive','Belvidere','IL','61008','(815) 555-5146','(815) 555-5190',NULL),(33296,'Delbert W.','Quaid','2835 Holmes Road','Houston','TX','77051','(713) 555-5183','(713) 555-5255',NULL),(33298,'Hansjorg','Yost','52300 Enterprise Way','Coachella','CA','92236','(619) 555-9599','(619) 555-9632',NULL),(33302,'Stephen J.','Rose','6131 Falls Of Neuse Road','Houston','TX','77060','(713) 555-3118','(713) 555-3156',NULL),(33305,'Harry F.','Dolara','800 East Northwest Highway','Des Plaines','IL','60016','(708) 555-1274','(708) 555-1306',NULL),(33316,'John C.','Wilson','2307 Oregon Street','Oshkosh','WI','54903','(414) 555-9158','(414) 555-9249',NULL),(33319,'Ernest','Cohen','222 West Washington Avenue','Madison','WI','53703','(608) 555-3341','(608) 555-3388',NULL),(33320,'Philip E.','Hawkins','111 Great Neck Road','Honolulu','HI','96819','(808) 555-3708','(808) 555-3733',NULL),(33325,'Gerald M.','Smith','2702 North 44Th Street','Phoenix','AR','85008','(602) 555-7729','(602) 555-7812',NULL),(33328,'Lee','Pandit','One Paul Kayser Center','El Paso','TX','79901','(915) 555-2635','(915) 555-2710',NULL),(33332,'Paul W.','Brown','800 East 101St Terrace','Kansas City','MO','64131','(816) 555-4114','(816) 555-4163',NULL),(33335,'James A.','Wheatley','25 Monument Circle','Indianapolis','IN','46204','(317) 555-8264','(317) 555-8338',NULL),(33337,'Louis M.','Saviers','539 North Carancahua Street','Corpus Christi','TX','78401','(512) 555-5331','(512) 555-5395',NULL),(33340,'Martin E.','Norgaard','355 Maple Avenue','Harleysville','PA','19438','(215) 555-5065','(215) 555-5137',NULL),(33342,'Glen W.','Wrench','2901 Las Vegas Boulevard','Las Vegas','NV','89109','(702) 555-5152','(702) 555-5197',NULL),(33344,'Michael C.','Holtz','10901 Malcolm McKinley Dr.','Tampa','FL','33612','(813) 555-6018','(813) 555-6107',NULL),(33345,'Marilyn T.','Riddle','5301 Maryland Way','Seattle','WA','98108','(206) 555-4652','(206) 555-4702',NULL),(33347,'D. Raymond','Siegel','1040 Pine Avenue Southeast','Warren','OH','44483','(216) 555-8368','(216) 555-8445',NULL),(33352,'John D.','Nelson','460 North Gulph Road','Chicago','IL','60603','(312) 555-3023','(312) 555-3028',NULL),(33355,'Peter J.','Pigott','720 Olive Street','St Louis','MO','63101','(314) 555-5121','(314) 555-5154',NULL),(33358,'Herbert J.','Taylor','95 Rockwell Place','Brooklyn','NY','11217','(718) 555-7774','(718) 555-7872',NULL),(33359,'Greg H.','Khoury','3220 East 26Th Street','Vernon','CA','90023','(213) 555-7865','(213) 555-7870',NULL),(33363,'Andrew V.','Clark','26 Century Boulevard','Nashville','TN','37229','(615) 555-5104','(615) 555-5200',NULL),(33365,'Sam','Wu','215 North Front Street','Columbus','OH','43215','(614) 555-7728','(614) 555-7824',NULL),(33370,'R. Kent','Young','One Mediq Plaza','Chicago','IL','60631','(312) 555-8949','(312) 555-9027',NULL),(33374,'Grant','Moore','3401 North California Ave.','Chicago','IL','60618','(312) 555-1147','(312) 555-1232',NULL),(33376,'Craig A.','Blackwell','18448 Oxnard Street','Tarzana','CA','91356','(818) 555-7381','(818) 555-7454',NULL),(33377,'John C.','Zrno','1200 Sixth Avenue','Columbus','GA','31902','(706) 555-2362','(706) 555-2447',NULL),(33387,'Don E.','Jones','20001 Prairie Street','Chatsworth','CA','91311','(818) 555-7417','(818) 555-7421',NULL),(33389,'Paul C.','Zakon','Highway West','Wilmot','WI','53192','(414) 555-2363','(414) 555-2393',NULL),(33398,'Michael E.','Bern','2801 East Beltline North','Grand Rapids','MI','49505','(616) 555-6236','(616) 555-6264',7500),(33402,'William A.','Sydnor','1000 Alfred Nobel Drive','Hercules','CA','94547','(510) 555-7023','(510) 555-7055',NULL),(33407,'Albert H.','McHugh','Room 228','Lincolnshire','IL','60069','(708) 555-9123','(708) 555-9149',1000),(33411,'Terry W.','Howe','JLG Drive','Mcconnellsburg','PA','17233','(717) 555-5182','(717) 555-5240',NULL),(33415,'Jeffrey','Voorhees','1400 Kettering Tower','Dayton','OH','45423','(513) 555-2633','(513) 555-2719',NULL),(33419,'Mark','Yoshimoto','800 Cabin Hill Drive','Greensburg','PA','15601','(412) 555-3023','(412) 555-3057',NULL),(33423,'James G.','Gee','4 Taft Court','Rockville','MD','20850','(301) 555-5165','(301) 555-5181',NULL),(33425,'Corine T.','Matelich','17 Riverside Street','Rye','NY','10580','(914) 555-9447','(914) 555-9542',NULL),(33429,'F. Grant','Perozek','420 Boulevard Of The Alliances','Pittsburgh','PA','15219','(412) 555-3015','(412) 555-3097',NULL),(33433,'Robert E.','Thomas','134 North Church Street','Rocky Mount','NC','27804','(919) 555-4403','(919) 555-4474',NULL),(33440,'Kenneth L.','Aman','475 Park Avenue South','New York','NY','10016','(212) 555-2232','(212) 555-2276',NULL),(33441,'James A.','Biggi','332 South Michigan Avenue','Chicago','IL','60604','(312) 555-1243','(312) 555-1318',1000),(33443,'Amin J.','Farley','15370 Barranca Parkway','Irvine','CA','92718','(714) 555-9978','(714) 555-9991',NULL),(33445,'B. J.','Jones','8005 Southwest Boeckman R','Wilsonville','OR','97070','(503) 555-7036','(503) 555-7120',NULL),(33447,'George E.','Eickhoff','201 Cahaba Valley Parkway','Louisville','KY','40222','(502) 555-4723','(502) 555-4766',NULL),(33451,'Michael P.','Rigas','7733 Forsyth Boulevard','Las Vegas','NV','89109','(702) 555-3335','(702) 555-3354',NULL),(33456,'Steve A.','Roper','411 - 108Th Avenue Northeast','Bellevue','WA','98004','(206) 555-6382','(206) 555-6463',NULL),(33459,'David','Hyndman','3400 Grand Avenue','Pittsburgh','PA','15225','(412) 555-3041','(412) 555-3066',NULL),(33463,'Charles F.','Taylor','27555 Farmington Road','Farmington Hills','MI','48334','(810) 555-7069','(810) 555-7115',NULL),(33464,'Louis','Sehgal','1401 South Hanley Road','St Louis','MO','63144','(314) 555-4179','(314) 555-4268',500),(33468,'Albert E.','Fill','1101 Third Street South','Minneapolis','MN','55415','(612) 555-7392','(612) 555-7453',NULL),(33471,'Alan M.','Kitchens','2910 Avenue F East','Houston','TX','77002','(713) 555-6210','(713) 555-6223',NULL),(33473,'Richard F.','Hoyt','880 Carillon Parkway','St Petersburg','FL','33716','(813) 555-3843','(813) 555-3907',NULL),(33478,'Taka','Yoshimoto','6920 Seaway Boulevard','Everett','WA','98203','(206) 555-6118','(206) 555-6188',NULL),(33482,'Joseph','Myers','2200 South 900 West','Salt Lake City','UT','84137','(801) 555-6410','(801) 555-6435',NULL),(33485,'Ben','Everett','210 East Capitol Street','Jackson','MS','39201','(601) 555-8587','(601) 555-8623',NULL),(33487,'Robert L.','Tharpe','200 Park Avenue','New York','NY','10166','(212) 555-6034','(212) 555-6116',NULL),(33488,'Jim C.','Muller','Tyler At Sixth','Amarillo','TX','79101','(806) 555-2179','(806) 555-2192',NULL),(33491,'T. Irving','Decherd','4849 Evanswood Drive','Columbus','OH','43229','(614) 555-5834','(614) 555-5853',7500),(33494,'James C.','Kravis','818 Washington Street','Wilmington','DE','19801','(302) 555-8583','(302) 555-8626',NULL),(33499,'Robert H.','Ashken','1320 East 23Rd Street','Chattanooga','TN','37404','(615) 555-4331','(615) 555-4430',NULL),(33501,'John G.','Tate','One Curie Court','Orange','CA','92668','(714) 555-3729','(714) 555-3751',NULL),(33506,'Robert W.','Schultz','One Madison Avenue','Cadillac','MI','49601','(616) 555-2274','(616) 555-2370',NULL),(33508,'John','Horsell','8233 Baumgart Road','Evansville','IN','47711','(812) 555-6497','(812) 555-6515',NULL),(33511,'J. Lynn','Marshall','2880 Scott Blvd.','Santa Clara','CA','95052','(408) 555-8811','(408) 555-8812',NULL),(33515,'Henry R.','Wimmer','P.O. Box 848','Mcafee','NJ','07428','(201) 555-2003','(201) 555-2093',NULL),(33520,'W. Phillip','Tabery','2125-C Madera Road','Simi Valley','CA','93065','(805) 555-4451','(805) 555-4532',NULL),(33529,'Timothy J.','Rosen','Worthen National Bank Building','Little Rock','AR','72201','(501) 555-1561','(501) 555-1583',NULL),(33533,'Ian G. H.','Graham','320 Plus Park Boulevard','Nashville','TN','37217','(615) 555-4683','(615) 555-4717',5000),(33536,'David P.','Young','1411 East Mission Avenue','Spokane','WA','99202','(509) 555-5651','(509) 555-5697',NULL),(33539,'John C.','Mutz','P.O. Box 959','Valley Forge','PA','19482','(215) 555-4505','(215) 555-4515',NULL),(33542,'L. Keith','Henderson','248 East Capitol Street','Jackson','MS','39201','(601) 555-5135','(601) 555-5196',5000),(33544,'Larry E.','King','233 South Patterson','Springfield','MO','65801','(417) 555-6723','(417) 555-6805',NULL),(33548,'Kenneth T.','Hagen','21211 Nordhoff Street','Chatsworth','CA','91311','(818) 555-3335','(818) 555-3372',500),(33553,'Michael','Behrens','121 Wallace Street','Sterling','IL','61081','(815) 555-2538','(815) 555-2622',NULL),(33555,'M. Ross','Brown','116 Buffalo Street','Canandaigua','NY','14424','(716) 555-7961','(716) 555-8014',10000),(33559,'Lawrence M.','Katz','P.O. Box 339','Savannah','GA','31402','(912) 555-1290','(912) 555-1294',NULL),(33563,'Roger L.','Janz','601 Marion Drive','Garland','TX','75042','(214) 555-5441','(214) 555-5534',NULL),(33567,'Harvey W.','Huebner','405 Lexington Avenue','New York','NY','10174','(212) 555-1825','(212) 555-1908',1000),(33573,'M. J.','Wolfson','206 North Third Street','Las Vegas','NV','89101','(702) 555-3050','(702) 555-3108',NULL),(33575,'Thomas B.','Hagan','2601 Northwest Expressway','Houston','TX','77027','(713) 555-8443','(713) 555-8513',NULL),(33579,'Lance P.','Norman','P O Box 100500','Rosswell','GA','30077','(800) 555-2541','(800) 555-2607',NULL),(33582,'David','Rone','155 East 21St Street','Jacksonville','FL','32206','(904) 555-1793','(904) 555-1866',NULL),(33591,'Gordon M.','Strong','5718 Westheimer','Houston','TX','77057','(713) 555-1023','(713) 555-1084',1000),(33595,'James A.','Rice','50 Locust Avenue','New Canaan','CT','06840','(203) 555-2034','(203) 555-2108',NULL),(33599,'Walter S.','Aman','250 Rittenhouse Circle','Bristol','PA','19007','(215) 555-4050','(215) 555-4077',10000),(33600,'Dennis C.','Cain','1801 Douglas Drive','Sanford','NC','27330','(919) 555-6731','(919) 555-6815',NULL),(33602,'Kurt J.','Rosenberg','12100 West Center Road','Omaha','NE','68144','(402) 555-4028','(402) 555-4038',NULL),(33603,'Henry U.','Shaptini','3920 Arkwright Road','Macon','GA','31210','(912) 555-7118','(912) 555-7209',NULL),(33605,'Anthony S.','Kata','2285 Rutherford Road','Carlsbad','CA','92008','(619) 555-1809','(619) 555-1874',NULL),(33606,'Richard D.','Mahlik','228 South Main Street','Atlanta','GA','30328','(404) 555-6432','(404) 555-6480',NULL),(33610,'George C.','Wickham','5 West Third Street','Coudersport','PA','16915','(814) 555-9907','(814) 555-9947',NULL),(33613,'Knut','Osborne','1710 H Street Northwest','Washington','DC','20006','(202) 555-9942','(202) 555-9959',NULL),(33620,'David M.','Nardone','1901 Harrison Street','Chantilly','VA','22021','(703) 555-9216','(703) 555-9229',NULL),(33623,'David M.','Burney','Nelson Place At Elm Hill','Raleigh','NC','27612','(919) 555-5660','(919) 555-5716',NULL),(33627,'M. J.','Campbell','127 West Webster Street','Houston','TX','77027','(713) 555-4609','(713) 555-4691',NULL),(33632,'Robert B.','Schmidt','1826 Orange Tree Lane','Redlands','CA','92374','(909) 555-4477','(909) 555-4516',NULL),(33635,'James F.','Arnold','866 West Peachtree Street','Atlanta','GA','30308','(404) 555-1946','(404) 555-1981',NULL),(33637,'R.','Wan','802 North First Street','St Louis','MO','63102','(314) 555-3081','(314) 555-3094',NULL),(33641,'Dennis L.','Crowley','220 Hickory Street','Warren','PA','16366','(814) 555-3612','(814) 555-3638',7500),(33646,'Don C.','Davis','One Keystone Plaza','Harrisburg','PA','17105','(717) 555-1566','(717) 555-1617',NULL),(33650,'William I.','Kubic','1145 Empire Central Place','Dallas','TX','75247','(214) 555-8118','(214) 555-8215',1000),(33654,'Charles E.','Spencer','LES Tower','Cedar Rapids','IA','52401','(319) 555-4496','(319) 555-4589',NULL),(33659,'Derek H.','Fisher','22290 Michigan Avenue','Dearborn','MI','48123','(313) 555-1013','(313) 555-1096',NULL),(33663,'Yvan','Walsh','525 North Brand Boulevard','Glendale','CA','91203','(818) 555-6119','(818) 555-6195',NULL),(33666,'Daniel Y.','Dally','One Executive Drive','Fort Lee','NJ','07024','(201) 555-7783','(201) 555-7848',NULL),(33669,'Marshall A.','Ergas','1 Horace Mann Plaza','Springfield','IL','62715','(217) 555-2539','(217) 555-2589',NULL),(33673,'Michael B.','Hinson','101 North Robinson','Wilmington','DE','19801','(302) 555-6827','(302) 555-6837',NULL),(33677,'Bob O.','Smith','601 6Th Street Southwest','Great Falls','MT','59404','(406) 555-3458','(406) 555-3460',NULL),(33679,'Nelda S.','Flowers','2905 North Highway 61','Muscatine','IA','52761','(319) 555-1421','(319) 555-1452',NULL),(33682,'George H.','Howard','2777 Allen Parkway','Houston','TX','77019','(713) 555-3322','(713) 555-3348',NULL),(33685,'Gordon A.','Beck','225 High Ridge Road','Stamford','CT','06905','(203) 555-8331','(203) 555-8370',NULL),(33687,'Vincent A.M.','Huey','3 East 54Th Street','Richmond','VA','23230','(804) 555-5713','(804) 555-5719',NULL),(33688,'William','Lowden','Route 2 South','Ravenswood','WV','26164','(304) 555-6043','(304) 555-6068',NULL),(33691,'Martha M.','Young','3102 Shawnee Drive','Winchester','VA','22601','(703) 555-9140','(703) 555-9162',NULL),(33696,'Gary P.','Arnold','10 South Geneva Road','Vineyard','UT','84058','(801) 555-9009','(801) 555-9107',NULL),(33699,'Thor','Holzwasser','26950 Agoura Road','Calabasas Hills','CA','91301','(818) 555-9357','(818) 555-9438',NULL),(33703,'Robert J.','Aoki','13000 West Silver Spring','Butler','WI','53201','(414) 555-6640','(414) 555-6708',NULL),(33704,'Roger B.','Bain','5975 Castle Creek Parkway','Indianapolis','IN','46250','(317) 555-9525','(317) 555-9528',NULL),(33705,'Michael D.','Sloan','3883 Airway Drive','Santa Rosa','CA','95403','(707) 555-5039','(707) 555-5122',NULL),(33707,'Kevin L.','Schut','14111 Scottslawn Road','Marysville','OH','43041','(513) 555-2801','(513) 555-2892',10000),(33710,'John R.','Conger','10300 Southwest Allen Boulevard','Portland','OR','97005','(503) 555-1612','(503) 555-1641',NULL),(33714,'James R.','Staple','711 Casino Magic Drive','Bay St Louis','MS','39520','(601) 555-9290','(601) 555-9326',10000),(33718,'Marshall W.','Barr','535 Connecticut Avenue','Norwalk','CT','6854','(203) 555-4023','(203) 555-4098',NULL),(33725,'Alan G.','Silverman','25 Monument Circle','Indianapolis','IN','46204','(317) 555-8275','(317) 555-8361',NULL),(33728,'William E.','McGlynn','114 West 47th Street','New York','NY','10036','(212) 555-1052','(212) 555-1069',10000),(33732,'William H.','Murphy','P.O. Box 3555','Mansfield','OH','44907','(419) 555-8044','(419) 555-8054',NULL),(33733,'E. Gordon','Kabik','121 Southwest Salmon Street','Portland','OR','97204','(503) 555-8824','(503) 555-8918',NULL),(33737,'Carole M.','McCall','100 Crosby Drive','Bedford','MA','1730','(617) 555-1807','(617) 555-1846',NULL),(33739,'Douglas A.','Burris','47603 Halyard Drive','Atlanta','GA','30339','(404) 555-1221','(404) 555-1268',NULL),(33747,'Mark','Tomba','7132 Commercial Park Drive','Knoxville','TN','37918','(615) 555-1126','(615) 555-1137',NULL),(33750,'Jack P.','Tate','650 North Mary Avenue','Sunnyvale','CA','94086','(408) 555-4037','(408) 555-4060',NULL),(33753,'Howard L.','Best','2700 Fountain Place','Dallas','TX','75202','(214) 555-1506','(214) 555-1534',NULL),(33757,'Richard B.','Falotti','1200 Reedsdale Street','Pittsburg','PA','15233','(412) 555-2317','(412) 555-2389',NULL),(33765,'Pier Carlo','Wampler','One Magna Place','St Louis','MO','63144','(314) 555-2531','(314) 555-2566',NULL),(33767,'Mark A.','Natori','1900 Gulf Street','Pasadena','CA','91101','(818) 555-8613','(818) 555-8627',NULL),(33769,'Zvi','Lurie','11000 Prairie Lakes Drive','Eden Prairie','MN','55344','(612) 555-3077','(612) 555-3097',NULL),(33771,'Edward J.','Grinter','2407 West 24Th Street','Kearney','NE','68847','(308) 555-8496','(308) 555-8504',NULL),(33775,'Jon P.','Riebman','1109 McKay Drive','San Jose','CA','95131','(408) 555-3078','(408) 555-3148',NULL),(33776,'Fred H.','Olbrych','2270 South 88th Street','Cleveland','OH','44124','(216) 555-7109','(216) 555-7168',500),(33781,'Takeshi','Shalam','One Zurn Place','Erie','PA','16505','(814) 555-2151','(814) 555-2213',NULL),(33786,'N.A.','Perlegos','5500 Northwest Central Drive','Houston','TX','77092','(713) 555-4253','(713) 555-4300',NULL),(33790,'Rocky H.','Aoki','375 Hudson Street','New York','NY','10014','(212) 555-6036','(212) 555-6063',NULL),(33795,'Michael R.','Hawker','101 South Hanley','Nashville','TN','37205','(615) 555-3582','(615) 555-3584',10000),(33797,'Paul J.','Barkai','P.O. Box 50444','Indianapolis','IN','46204','(317) 555-3079','(317) 555-3085',1000),(33799,'John S.','Ferraro','One Pemco Plaza','Birmingham','AL','35212','(205) 555-3023','(205) 555-3090',NULL),(33804,'Bernard C.','Geschke','5350 Tech Data Drive','Clearwater','FL','34620','(813) 555-7442','(813) 555-7445',NULL),(33807,'David M.','McCurry','3850 Three Mile Lane','Mcminnville','OR','97128','(503) 555-9378','(503) 555-9450',NULL),(33814,'Norman','Tweet','444 South River Road','St George','UT','84790','(801) 555-3012','(801) 555-3038',NULL),(33817,'E. D., Jr.','Feldt','3900 Industrial Road','Harrisburg','PA','17110','(717) 555-6860','(717) 555-6902',NULL),(33821,'Opal P.','Morales','20 Washington Avenue South','Minneapolis','MN','55401','(612) 555-5464','(612) 555-5485',NULL),(33824,'B. Jefffrey','Ault','200 Park Avenue','Dallas','TX','75201','(214) 555-1971','(214) 555-2048',NULL),(33826,'Ibrahim','Buckley','Highway 29 South','Spartanburg','SC','29304','(803) 555-1216','(803) 555-1277',NULL),(33828,'Melvin S.','Evans','8600 Northwest 36th Street','Miami','FL','33166','(305) 555-1840','(305) 555-1912',10000),(33830,'Peter D.','Burney','1031 Mendota Heights Road','St. Paul','MN','55120','(612) 555-1671','(612) 555-1689',NULL),(33833,'Derek H.','Nelson','3108 Central Drive','Nashville','TN','37202','(615) 555-1919','(615) 555-2004',NULL),(33834,'John E.','Fenyves','P.O. Box 959','Valley Forge','PA','19482','(610) 555-4500','(610) 555-4549',NULL),(33837,'Hal','Rask','Highway 41 North and Cave','Addison','AL','35540','(205) 555-1592','(205) 555-1684',500),(33841,'Julien L.','Gerber','1120 Boston Post Road','Darien','CT','06820','(203) 555-6896','(203) 555-6902',NULL),(33842,'Peter A.','Warner','3260 Patterson Southeast','Grand Rapids','MI','49512','(616) 555-7071','(616) 555-7105',NULL),(33844,'Charles M.','Cheskin','4951 Indiana Avenue','Lisle','IL','60532','(708) 555-8823','(708) 555-8876',NULL),(33846,'Gregory H.','Cadogan','3 New England Executive P','Burlington','MA','01803','(617) 555-6156','(617) 555-6183',7500),(33848,'Michael W.','Cost','44 Whippany Road','Morristown','NJ','07962','(201) 555-3079','(201) 555-3167',NULL),(33852,'Robert M.','Baren','416 West Jefferson Street','Louisville','KY','40202','(502) 555-2022','(502) 555-2032',NULL),(33858,'Brian','Wofford','5405 Spine Road','Boulder','CO','80301','(303) 555-9417','(303) 555-9425',NULL),(33861,'Harry H.','Ramsey','3100 West Warren Avenue','Fremont','CA','94538','(510) 555-8320','(510) 555-8379',1000),(33863,'C. J.','Griffis','301 Perimeter Center North','Atlanta','GA','30346','(404) 555-6019','(404) 555-6079',NULL),(33865,'Steven','Belson','2500 Halsey Street','Bronx','NY','10461','(718) 555-2045','(718) 555-2077',NULL),(33874,'Bradley P.','Kohn','1475 Tyrell Lane','Boise','ID','83706','(208) 555-4444','(208) 555-4534',NULL),(33879,'Gise Van','Bartz','One Strawberry Lane','Orrville','OH','44667','(216) 555-3036','(216) 555-3115',NULL),(33882,'Donald W.','Bernick','555 River Oaks Parkway','San Jose','CA','95134','(408) 555-1305','(408) 555-1330',NULL),(33885,'William J.','Oberlin','5241 Spring Mountain Road','Las Vegas','NV','89193','(702) 555-7302','(702) 555-7354',NULL),(33889,'Howard B.','Grinter','222 West Washington Avenue','Madison','WI','53703','(608) 555-3350','(608) 555-3446',NULL),(33893,'Richard M.','Weeks','1700 Lincoln Street','Denver','CO','80203','(303) 555-7491','(303) 555-7544',NULL),(33898,'Michael J.','Lowrie','Benson Road','Middlebury','CT','6749','(203) 555-2013','(203) 555-2041',NULL),(33902,'Beth P.','Jones','463 Seventh Avenue','New York','NY','10018','(212) 555-9530','(212) 555-9565',10000),(33906,'Gerald E.','Skidmore','500 Central Avenue','Phoenix','AZ','85016','(602) 555-1144','(602) 555-1179',NULL),(33907,'Paul W.','Phillips','4900 West 78th Street','Minneapolis','MN','55435','(612) 555-8146','(612) 555-8158',NULL),(33912,'Stephen','Briskin','425 West Capitol Avenue','Little Rock','AR','72201','(501) 555-4015','(501) 555-4097',NULL),(33915,'John J.','Anghel','607 East Adams Street','Springfield','IL','62739','(217) 555-3616','(217) 555-3715',NULL),(33919,'William H.','Prosser','P.O. Box 877','Dubuque','IA','52004','(319) 555-7800','(319) 555-7890',NULL),(33922,'Roger A.','Sutton','Building 200','Atlanta','GA','30350','(404) 555-9630','(404) 555-9677',NULL),(33924,'John D.','Friedman','800 King Street','Wilmington','DE','19899','(302) 555-3394','(302) 555-3416',500),(33927,'Walter E.','Gwin','Indiana Avenue And The Bo','Atlantic City','NJ','08401','(609) 555-3435','(609) 555-3470',NULL),(33930,'William G.','Cravey','2000 Two First Union Cent','Charlotte','NC','28282','(704) 555-5469','(704) 555-5496',10000),(33934,'J. D.','Lombardi','1050 South Prairie Avenue','Westport','CT','6880','(203) 555-7210','(203) 555-7292',NULL),(33936,'James A.','Castle','One Nationwide Plaza','Columbus','OH','43215','(614) 555-7148','(614) 555-7232',NULL),(33939,'Richard L.','McMinn','700 North Adams Street','Green Bay','WI','54307','(414) 555-1460','(414) 555-1468',5000),(33944,'Jeffrey P.','Krubeck','419 West Pike Street','Jackson Center','OH','45334','(513) 555-6932','(513) 555-6973',NULL),(33946,'Bragi F.','Plank','2800 Pottsville Pike','Reading','PA','19640','(814) 555-8152','(814) 555-8176',NULL),(33950,'Harols S.','Bloom','22011 Southeast 51St Street','Issaquah','WA','98027','(206) 555-8201','(206) 555-8232',NULL),(33954,'W. M.','Sissener','1285 Drummers Lane','Wayne','PA','19087','(610) 555-8783','(610) 555-8834',NULL),(33957,'Michael','Heckel','One Peebles Street','South Hill','VA','23970','(804) 555-5219','(804) 555-5221',NULL),(33959,'Bernard','Crosley','Benson Road','Middlebury','CT','6749','(203) 555-2052','(203) 555-2112',10000),(33963,'John H.','Ruggieri','460 Point San Bruno Boulevard','South San Francisco','CA','94080','(415) 555-1040','(415) 555-1058',NULL),(33967,'William A.','Porter','100 West Lawrence Street','Appleton','WI','54912','(414) 555-3848','(414) 555-3891',NULL),(33972,'G. W.','Pegaz','Edens Expressway And Winn','Northfield','IL','60093','(708) 555-7565','(708) 555-7653',NULL),(33974,'Jack L.','Watson','116 Wilbur Place','Bohemia','NY','11716','(516) 555-2480','(516) 555-2497',500),(33976,'Richard T.','Bogacki','800 The Safeguard B','Wayne','PA','19087','(610) 555-6771','(610) 555-6869',NULL),(33977,'Roger B.','Hawks','3100 Research Boulevard','Dayton','OH','45420','(513) 555-6168','(513) 555-6262',NULL),(33981,'Harry T.','Faust','2601 South Eastern Avenue','Los Angeles','CA','90040','(213) 555-2667','(213) 555-2678',500),(33986,'Lee A., Iii','Best','1790 Broadway','New York','NY','10019','(212) 555-3340','(212) 555-3386',NULL),(33988,'Richard G.','Barry','1001 Murphy Ranch Road','Milpitas','CA','95035','(408) 555-2031','(408) 555-2069',NULL),(33993,'Robert M.','Baxter','350 Pine Street','Beaumont','TX','77701','(409) 555-6665','(409) 555-6701',5000),(33996,'Gary L.','Powell','101 Gordon Drive','Des Plaines','IL','60016','(708) 555-1226','(708) 555-1295',NULL),(34000,'Lorne D.','Cook','8619 Westwood Center Drive','Vienna','VA','22182','(703) 555-8756','(703) 555-8786',NULL),(34001,'James F.','Kean','4370 Peachtree Road North','Atlanta','GA','30319','(404) 555-4613','(404) 555-4675',NULL),(34006,'James E.','Cordes','399 Park Avenue','New York','NY','10022','(212) 555-6442','(212) 555-6539',NULL),(34009,'Jack P.','Roob','1136 Heil-Quaker Boulevard','Lavergne','TN','37086','(615) 555-4551','(615) 555-4630',NULL),(34010,'William J.','Bear','Fina Plaza','Dallas','TX','75206','(214) 555-2427','(214) 555-2434',NULL),(34011,'Michael F.','Johnson','4150 Tuller Road','Houston','TX','77042','(713) 555-3168','(713) 555-3180',10000),(34016,'Adrian M.','Calian','120 Brighton Road','Orlando','FL','32802','(407) 555-4792','(407) 555-4860',NULL),(34018,'Robert S.','Walsh','One Peebles Street','Houston','TX','77092','(713) 555-4325','(713) 555-4403',NULL),(34019,'Michael W.','Irwin','P.O. Box 959','Valley Forge','PA','19482','(610) 555-4483','(610) 555-4494',NULL),(34022,'Frederick M.','Fanta','30 West Superior Street','Duluth','MN','55802','(218) 555-2650','(218) 555-2730',NULL),(34026,'Philip C.','Bellis','900 North Tucker Boulevard','St Louis','MO','63101','(314) 555-8030','(314) 555-8085',NULL),(34028,'William B.','Troubh','477 East Beaver Avenue','State College','PA','16801','(814) 555-6021','(814) 555-6067',NULL),(34031,'Harry R.','Becker','3050 East Birch Street','Brea','CA','92621','(714) 555-8863','(714) 555-8913',NULL),(34036,'Robert','Eichner','1412 Broadway','New York','NY','10018','(212) 555-4028','(212) 555-4098',NULL),(34040,'Fred E.','Canning','607 East Adams Street','Springfield','IL','62739','(217) 555-3637','(217) 555-3640',NULL),(34043,'John','Calder','400 East Spring Street','Bluffton','IN','46714','(219) 555-2945','(219) 555-3012',NULL),(34045,'James L.','Bryan','3308 North Mitthoeffer Road','Indianapolis','IN','46236','(317) 555-1047','(317) 555-1067',NULL),(34048,'Burl','Peckham','2800 Chemed Center','Cincinnati','OH','45202','(513) 555-6722','(513) 555-6803',NULL),(34052,'Julius P.','Fain','23 Orchard Road','Skilman','NJ','08558','(908) 555-5173','(908) 555-5211',NULL),(34059,'Arthur P.','Lowrie','460 North Gulph Road','Valley Forge','PA','19482','(215) 555-7024','(215) 555-7092',NULL),(34061,'Donald W.','Roberts','245 Perimeter Center Park','Atlanta','GA','30346','(404) 555-3412','(404) 555-3437',5000),(34066,'Carol A.','Bates','4101 Jerome Avenue','Long Beach','CA','90802','(310) 555-3726','(310) 555-3802',NULL),(34071,'Sudhakar A.','Telang','One Rollins Plaza','Portland','OR','97205','(503) 555-2241','(503) 555-2318',5000),(34072,'Susan K.','Bach','235 West Turbo','Minneapolis','MN','55416','(612) 555-1519','(612) 555-1588',NULL),(34076,'Richard D.','Riley','700 North Adams Street','Green Bay','WI','54307','(414) 555-1476','(414) 555-1548',NULL),(34080,'Stephen T.','Braemer','2500 Chemed Center','Cincinnati','OH','45202','(513) 555-6700','(513) 555-6795',NULL),(34083,'James L.','Knock','25 Union Street','Chelsea','MA','02150','(617) 555-8530','(617) 555-8567',NULL),(34085,'Gerald M.','Curley','1500 San Remo Avenue','Coral Gables','FL','33146','(305) 555-7408','(305) 555-7420',NULL),(34088,'Craig A.','Jones','5100 Patrick Henry Drive','Minneapolis','MN','55402','(612) 555-7914','(612) 555-7968',NULL),(34094,'Jerome','Kantor','100 North Michigan Street','South Bend','IN','46634','(219) 555-1961','(219) 555-1997',NULL),(34097,'Dwight G.','Larsen','Alvarado Square','Albuquerque','NM','87158','(505) 555-2753','(505) 555-2840',NULL),(34101,'William W.','Brown','1600 West 7th Street','Fort Worth','TX','76102','(817) 555-1142','(817) 555-1178',10000),(34106,'Steven P.','Murphy','18400 Von Karman Avenue','Beachwood','OH','44122','(216) 555-5843','(216) 555-5917',NULL),(34109,'Thomas R.','Pirie','2302 Maxwell Lane','Fort Worth','TX','76102','(817) 555-1826','(817) 555-1850',1000),(34110,'James F.','Cramer','414 East Fortieth Street','Holland','MI','49423','(616) 555-7030','(616) 555-7096',500),(34112,'Thomas C.','Beeby','1500 Southwest 1St Avenue','Portland','OR','97201','(503) 555-9175','(503) 555-9223',5000),(34116,'Allen','Shankland','1220 Senlac Drive','Carrollton','TX','75006','(214) 555-4878','(214) 555-4914',NULL),(34122,'Ted H.','Wiik','Telesis Tower','San Francisco','CA','94104','(415) 555-2056','(415) 555-2074',NULL),(34126,'Jamie H.','Behrens','2300 Empress Drive','Milwaukee','WI','53202','(414) 555-9341','(414) 555-9396',NULL),(34127,'James B.','Skinner','One International Place','Omaha','NE','68131','(402) 555-5360','(402) 555-5441',1000),(34129,'Raymond S.','Vanora','805 Broadway','Vancouver','WA','98668','(360) 555-5865','(360) 555-5904',NULL),(34134,'M. Ross','Plank','2702 North 44Th Street','Phoenix','AZ','85008','(602) 555-7736','(602) 555-7832',NULL),(34137,'Jacob Ergas','Apgar','2500 Lake Cook Road','Riverwoods','IL','60015','(708) 555-3770','(708) 555-3864',1000),(34142,'Ronald F.','Graham','1185 Avenue Of The Americas','New York','NY','10036','(212) 555-6928','(212) 555-7002',NULL),(34147,'Richard J.','Stoeher','4050 Olson Memorial Highway','Birmingham','AL','35223','(205) 555-5809','(205) 555-5840',NULL),(34154,'Donnie M.','Ammerman','One Executive Drive','Fort Lee','NJ','07024','(201) 555-7816','(201) 555-7873',10000),(34157,'William K.','Boylan','7444 West Wilson Avenue','Harwood Heights','IL','60656','(708) 555-9615','(708) 555-9710',NULL),(34159,'Norm','Catz','666 Grand Avenue','Des Moines','IA','50303','(515) 555-2908','(515) 555-3007',NULL),(34165,'Fred H.','Bennett','150 Milford Road','East Windsor','NJ','08520','(609) 555-1303','(609) 555-1348',NULL),(34168,'Gordon M.','Maslak','9901 West 50Th Avenue','Dallas','TX','75201','(214) 555-4545','(214) 555-4628',NULL),(34171,'Michael J.','Maslyn','6000 Midlantic Drive','Mount Laurel','NJ','08054','(609) 555-7454','(609) 555-7534',NULL),(34173,'Robert C.','O''Toole','4800 Cox Road','Glen Allen','VA','23060','(804) 555-9855','(804) 555-9898',NULL),(34176,'Richard N.','Jones','415 West Main Street','Rochester','NY','14608','(716) 555-1622','(716) 555-1694',NULL),(34180,'Margot W.,','Vail','300 South Street Louis Boulevard','South Bend','IN','46624','(219) 555-2139','(219) 555-2196',NULL),(34181,'John T.','Solochek','101 South Main Street','High Point','NC','27261','(910) 555-5199','(910) 555-5231',NULL),(34185,'Earl W.','Larson','101 North Robinson','Oklahoma City','OK','73101','(405) 555-3013','(405) 555-3057',5000),(34189,'Gust','Kazarian','600 Madison Avenue','Dallas','TX','75206','(214) 555-8745','(214) 555-8797',NULL),(34191,'Richard','Cost','8750 Tesoro Drive','San Antonio','TX','78217','(210) 555-9349','(210) 555-8349',5000),(34193,'Kirby L.','Murphy','400 West Capitol Avenue','Little Rock','AR','72201','(501) 555-7005','(501) 555-7020',NULL),(34200,'Elias A.','Sverdrup','9830 Patuxent Woods Drive','Columbia','MD','21046','(410) 555-7185','(410) 555-7200',NULL),(34204,'Robert T.','Mitchell','126 East 56th Street','New York','NY','10022','(212) 555-8702','(212) 555-8788',NULL),(34209,'R. K.','Diener','Two Pierce Place','Houston','TX','77056','(713) 555-1085','(713) 555-1103',NULL),(34213,'Charles M.','Johnson','650 California Street','San Francisco','CA','94108','(415) 555-8197','(415) 555-8277',NULL),(34215,'Michael E.','Lappin','599 Lexington Avenue','New York','NY','10022','(212) 555-2791','(212) 555-2849',1000),(34220,'Richard M.','Gozon','1700 Lincoln Street','Denver','CO','80203','(303) 555-7436','(303) 555-7493',NULL),(34222,'Richard C.','Hannon','531 Ohohia Street','Honolulu','HI','96819','(808) 555-3726','(808) 555-3761',NULL),(34227,'Barth T.','Fallon','7301 Fairview','Portland','OR','97205','(503) 555-9236','(503) 555-9292',NULL),(34233,'Charles C.','Emge','2044 Austin Drive','Rochester Hills','MI','48309','(810) 555-1549','(810) 555-1551',NULL),(34235,'Sam J.','Hitchner','200 Park Avenue','New York','NY','10166','(212) 555-4429','(212) 555-4505',NULL),(34241,'Eli','Stafford','165 Mason Street','Greenwich','CT','06836','(203) 555-3015','(203) 555-3093',NULL),(34244,'Kenneth A.','Bern','702 North Franklin Street','Tampa','FL','33602','(813) 555-4163','(813) 555-8363',NULL),(34245,'Austin M.','Heffern','14111 Scottslawn Road','Falls Church','VA','22042','(703) 555-1008','(703) 555-1091',NULL),(34252,'Thomas','Ladehoff','8741 Landmark Road','Richmond','VA','23228','(804) 555-7525','(804) 555-7543',NULL),(34255,'Leo W.','Cornella','One Colonial Road','Huntsville','AL','35806','(205) 555-1370','(205) 555-1398',NULL),(34260,'Warren','Towers','One Weston Way','West Chester','PA','19380','(610) 555-3018','(610) 555-3021',500),(34264,'John C.','Beiser','2975 Stender Way','Santa Clara','CA','95054','(408) 555-6168','(408) 555-6225',NULL),(34268,'Samuel H.','Wajert','1100 H Street Northwest','Washington','DC','20080','(703) 555-4457','(703) 555-4512',NULL),(34270,'Marc R.','Bernardo','13500 South Perry Avenue','Riverdale','IL','60627','(708) 555-2580','(708) 555-2641',NULL),(34274,'Robert S.','Leahy','102 Woodmont Boulevard','Nashville','TN','37205','(615) 555-3110','(615) 555-3122',1000),(34278,'Richard F.','Best','1100 Boulders Parkway','Long Beach','CA','90802','(310) 555-3710','(310) 555-3715',NULL),(34283,'William L.','Hockett','135 East Baltimore Street','Worthington','OH','43085','(614) 555-1816','(614) 555-1846',NULL),(34286,'Michael G.','Robert','55 Shuman Boulevard','Naperville','IL','60566','(708) 555-4811','(708) 555-4813',NULL),(34290,'Iain','Austin','5900 North Andrews Avenue','Fort Lauderdale','FL','33309','(305) 555-9010','(305) 555-9065',NULL),(34291,'Gary P.','Birkett','21600 Oxnard Street','Woodland Hills','CA','91367','(818) 555-7034','(818) 555-7090',NULL),(34295,'E.R.','Harvey','10800 Northeast 8Th Street','Bellevue','WA','98004','(206) 555-9420','(206) 555-9440',NULL),(34298,'Renee H.','Janning','1919 South Post Road','Indianapolis','IN','46239','(317) 555-7272','(317) 555-7364',NULL),(34299,'James J.','Stover','277 Park Avenue','New York','NY','10172','(212) 555-1511','(212) 555-1545',7500),(34303,'J. R.','Pulver','2760 Irving Boulevard','Dallas','TX','75207','(214) 555-1400','(214) 555-1476',NULL),(34306,'Bruce','Hakimoglu','22100 Bothell-Everett Heights','Bothell','WA','98041','(206) 555-7034','(206) 555-7088',NULL),(34309,'Leonard E.','Dell','500 BIC Drive','Milford','CT','06460','(203) 555-2039','(203) 555-2053',NULL),(34312,'Thomas F.','Davis','100 Jericho Quadrangle','Jericho','NY','11753','(516) 555-5565','(516) 555-5584',NULL),(34314,'Georg W.','Bondroff','2075 West Big Beaver Road','Troy','MI','48084','(810) 555-9851','(810) 555-9892',NULL),(34317,'Charles','Bissell','2000 Las Vegas Boulevard','Las Vegas','NV','89104','(702) 555-7799','(702) 555-7809',NULL),(34320,'A. Allen','Whitmoyer','65 East 55Th Street','New York','NY','10022','(212) 555-2736','(212) 555-2780',NULL),(34323,'Bruce H.','Butler','4201 Lexington Avenue Nor','Arden Hills','MN','55126','(612) 555-2410','(612) 555-2500',NULL),(34328,'Robert','Layman','402 Industrial Lane','Birmingham','AL','35211','(205) 555-3775','(205) 555-3821',NULL),(34331,'D. Michael','Sopshin','1444 South Alameda Street','Los Angeles','CA','90021','(213) 555-3108','(213) 555-3140',NULL),(34333,'John','Hughes','One Fordham Road','North Reading','MA','1864','(508) 555-1149','(508) 555-1206',NULL),(34337,'Ira A.','Ryerson','2828 North Haskell','Dallas','TX','75204','(214) 555-6140','(214) 555-6194',NULL),(34342,'Gilbert O.','Laskey','23456 Hawthorne Boulevard','Torrance','CA','90505','(310) 555-9995','(310) 555-1006',NULL),(34346,'James C.','Gilbert','2187 Atlantic Street','Stamford','CT','6902','(203) 555-5422','(203) 555-5432',NULL),(34351,'Thomas C.','Oleson','10 Lafayette Square','Buffalo','NY','14203','(716) 555-6991','(716) 555-7049',NULL),(34355,'Jeffrey A.','Bolland','1601 Elm Street','Dallas','TX','75201','(214) 555-3729','(214) 555-3774',1000),(34363,'Royce','Barcus','222 Berkeley Street','Boston','MA','02116','(617) 555-5517','(617) 555-5519',NULL),(34364,'Barry W.','Blenis','13405 Yarmouth Road, North','Pickerington','OH','43147','(614) 555-6435','(614) 555-6476',NULL),(34365,'John H.','Carter','Two Pickwick Plaza','Greenwich','CT','6830','(203) 555-7037','(203) 555-7038',NULL),(34370,'Larry','Sanghi','2027 Harpers Way','Torrance','CA','90501','(310) 555-5061','(310) 555-5069',NULL),(34378,'Milton','Rosengren','One North Charles Street','Baltimore','MD','21201','(410) 555-7429','(410) 555-7501',NULL),(34380,'Walter S.','Best','26950 Agoura Road','Wayne','NJ','07470','(201) 555-9309','(201) 555-9342',500),(34383,'Robert H.','Bogan','260 Townsend Street','San Francisco','CA','94107','(415) 555-6291','(415) 555-6327',NULL),(34386,'Jerry F.','Chapman','15415 Katy Freeway','Houston','TX','77094','(713) 555-5328','(713) 555-5393',7500),(34390,'Reno J.','Schwartz','Park 80 East','Saddle Brook','NJ','07663','(201) 555-7622','(201) 555-7678',NULL),(34393,'E. W.','Sissener','800 West Bryn Mawr Avenue','Itasca','IL','60143','(708) 555-5015','(708) 555-5094',NULL),(34396,'Gary P.','Rasmussen','220 West Main Street','Louisville','KY','40232','(502) 555-2018','(502) 555-2065',NULL),(34398,'Gordon E.','Chester','1380 Kennecott Building','Salt Lake City','UT','84133','(801) 555-4812','(801) 555-4851',NULL),(34410,'Wade L.','Stephen','Ten Pictsweet Drive','Bells','TN','38006','(901) 555-7631','(901) 555-7676',NULL),(34412,'Thomas F.','Booth','One Liberty Plaza','Liberty','MO','64068','(816) 555-1619','(816) 555-1620',NULL),(34417,'Dan','Tadmor','2155 Monroe Drive Northeast','Atlanta','GA','30324','(404) 555-3338','(404) 555-3409',NULL),(34421,'Daryl L.','Groen','4888 Loop Central Drive','Houston','TX','77081','(713) 555-3863','(713) 555-3907',7500),(34423,'Walter E.','Blem','8741 Landmark Road','Richmond','VA','23228','(804) 555-7506','(804) 555-7558',NULL),(34425,'Keith C.','Swift','Bay Colony Corporate Cent','Waltham','MA','2154','(617) 555-4321','(617) 555-4341',NULL),(34427,'Richard C.','Chan','180 East First South','Salt Lake City','UT','84145','(801) 555-5009','(801) 555-5054',NULL),(34428,'George T.','Taylor','One Rollins Plaza','Wilmington','DE','19803','(302) 555-2736','(302) 555-2770',NULL),(34431,'Russell C.','Boss','Highway 50 and Stateline Avenue','Lake Tahoe','NV','89449','(702) 555-2469','(702) 555-2561',NULL),(34434,'E. W.','Harrison','585 West Beach Street','Watsonville','CA','95076','(408) 555-1063','(408) 555-1122',NULL),(34436,'William W.','Kent','275 South Hillview Drive','Milpitas','CA','95035','(408) 555-2335','(408) 555-2343',NULL),(34439,'Donald S.','German','217 West Main Street','Dallas','TX','75206','(214) 555-8633','(214) 555-8649',10000),(34441,'Barry B.','Malmberg','575 Handgun Parkway','Herndon','VA','22070','(703) 555-3061','(703) 555-3097',NULL),(34447,'Timothy W.','Murphy','111 South Culvert Street','Baltimore','MD','21203','(410) 555-7291','(410) 555-7362',NULL),(34452,'Richard C.','Smith','2001 West Chandler Boulevard','Chandler','AZ','85224','(602) 555-4596','(602) 555-4664',1000),(34456,'John J.','Roob','1000 Sagamore Parkway South','Lafayette','IN','47905','(317) 555-1632','(317) 555-1656',NULL),(34458,'Joel A.','Marshall','5100 West Lemon Street','Tampa','FL','33631','(813) 555-8441','(813) 555-8447',7500),(34463,'John W.','Bowman','387 Park Avenue South','New York','NY','10016','(212) 555-8748','(212) 555-8841',NULL),(34465,'Ingrid','Sook','One Boston Scientific Place','Natick','MA','01760','(508) 555-8071','(508) 555-8140',NULL),(34467,'Jerry','Schuler','512 Bridge Street','Danville','VA','24541','(804) 555-7528','(804) 555-7597',NULL),(34473,'Gerson I.','Ray','981 Powell Avenue Southwest','Renton','WA','98055','(206) 555-5820','(206) 555-5862',NULL),(34476,'Freling H.','Lobin','6560 Rock Spring Drive','Bethesda','MD','20817','(301) 555-3004','(301) 555-3098',500),(34478,'Samuel P.','Phillips','7505 Metro Boulevard','Edina','MN','55439','(612) 555-7719','(612) 555-7757',7500),(34485,'Douglas A.','McGinn','One Liberty Plaza','Liberty','MO','64068','(816) 555-1603','(816) 555-1685',NULL),(34487,'Yeshwant P.','Redman','Building #40, Suite 300','Overland Park','KS','66225','(913) 555-5031','(913) 555-5076',NULL),(34490,'Martin A.','Craven','6100 Carillon Point','Kirkland','WA','98033','(206) 555-3445','(206) 555-3489',NULL),(34493,'Donald F.','Torchia','4360 Brownsboro Road','Louisville','KY','40207','(502) 555-4660','(502) 555-4716',NULL),(34495,'H. Andrew','Feazell','101 West 11Th Street','Kansas City','MO','64105','(816) 555-7030','(816) 555-7076',NULL),(34498,'Joseph L.','Sacco','11440 Commerce Park Drive','Reston','VA','22091','(703) 555-3668','(703) 555-3719',NULL),(34500,'Alan R.','Sprague','Two Chatham Center, Suite 45','Pittsburgh','PA','15219','(412) 555-6523','(412) 555-6616',NULL),(34502,'Judith L.','Norris','LES Tower','Cedar Rapids','IA','52401','(319) 555-4418','(319) 555-4481',NULL),(34509,'Joan P.','Brooks','350 Fifth Avenue','New York','NY','10118','(212) 555-2054','(212) 555-2059',NULL),(34513,'Richard A.','George','1177 Summer Street','Stamford','CT','06905','(203) 555-7076','(203) 555-7139',NULL),(34515,'Thomas A.','Young','601 East Beardsley Avenue','Elkhart','IN','46514','(219) 555-1841','(219) 555-1905',NULL),(34524,'Gene P.','Garver','1600 Viceroy Drive','St Louis','MO','63105','(314) 555-8082','(314) 555-8085',1000),(34525,'Abbey J.','Berick','5270 Neil Road','Reno','NV','89510','(702) 555-1211','(702) 555-1251',NULL),(34527,'Neil E.','Nickerson','80 Ashby Road','Bedford','MA','01730','(617) 555-9220','(617) 555-9234',NULL),(34532,'James A.','Kane','121 Crescent Street','Athol','MA','01331','(508) 555-3620','(508) 555-3661',NULL),(34534,'Kim G.','Deese','451 Florida Street','Baton Rouge','LA','70801','(504) 555-7293','(504) 555-7391',NULL),(34538,'Louis I.','Aoki','One Castle Boulevard','Atlantic City','NJ','08401','(609) 555-5212','(609) 555-5240',NULL),(34542,'David L.','Rusch','245 South Los Robles Avenue','Pasadena','CA','91101','(818) 555-4028','(818) 555-4036',NULL),(34546,'Steve','Butler','220 West Main Street','Louisville','KY','40232','(502) 555-2050','(502) 555-2114',NULL),(34550,'Jon A.','Brothers','228 South Main Street','Spring Grove','PA','17362','(717) 555-4746','(717) 555-4754',5000),(34552,'John M.','Puth','9401 Blue Grass Road','Philadelphia','PA','19114','(215) 555-6073','(215) 555-6171',NULL),(34554,'Ronald D.','Stephens','4900 Frontage Road South','Lakeland','FL','33801','(941) 555-9243','(941) 555-9342',NULL),(34559,'Phillip T.','Manley','200 Continental Boulevard','El Segundo','CA','90245','(310) 555-3120','(310) 555-3193',NULL),(34562,'Harvey A.','Rice','150 Alhambra Circle','Coral Gables','FL','33134','(305) 555-8041','(305) 555-8103',NULL),(34567,'Rogert A.','Kline','10112 Northeast 10Th Street','Bellevue','WA','98004','(206) 555-3836','(206) 555-3896',NULL),(34571,'Bruce R.','Shand','444 Madison Avenue','New York','NY','10022','(212) 555-4586','(212) 555-4595',NULL),(34573,'Rocky H.','Daly','402 West I-30','Garland','TX','75043','(214) 555-6015','(214) 555-6060',NULL),(34576,'Terrence','Skeen','P.O. Box 152','Forest City','IA','50436','(515) 555-3543','(515) 555-3611',NULL),(34578,'Michael B.','Davis','3300 75Th Avenue','Landover','MD','20785','(301) 555-1279','(301) 555-1328',NULL),(34580,'Thomas L.','Seidman','313 Carondelet Street','New Orleans','LA','70130','(504) 555-5368','(504) 555-5438',NULL),(34583,'Taka','Tillotson','106 South Main Street','Akron','OH','44308','(216) 555-8085','(216) 555-8141',NULL),(34584,'David A.','Fox','20 Second Avenue Southwest','Rochester','MN','55902','(507) 555-2732','(507) 555-2773',NULL),(34587,'Denis G.','Saul','111 Great Neck Road','Great Neck','NY','11021','(516) 555-8623','(516) 555-8669',NULL),(34592,'Charles G.','Phifer','543 Main Street','New Rochelle','NY','10801','(914) 555-6427','(914) 555-6504',NULL),(34594,'Randy J.','Brown','1680 Route 23 North','Wayne','NJ','07474','(201) 555-9484','(201) 555-9524',NULL),(34597,'Donald D.','Buck','150 Clove Road','Crystal Lake','IL','60014','(815) 555-4391','(815) 555-4429',NULL),(34600,'Robert F.','Phillips','666 Grand Avenue','Des Moines','IA','50306','(515) 555-9315','(515) 555-9321',NULL),(34603,'Raymond','Rigas','300 Madison Avenue','Morristown','NJ','07962','(201) 555-8234','(201) 555-8269',NULL),(34606,'John L.','Brooker','1500 Maccorkle Avenue South','Charleston','WV','25314','(304) 555-9988','(304) 555-1002',NULL),(34613,'Eric L.','Souquet','3001 Miller Road','Dearborn','MI','48121','(313) 555-6951','(313) 555-7043',NULL),(34615,'Richard G.','Jacobi','7 Mercedes Drive','Charleston','SC','29405','(803) 555-5242','(803) 555-5325',NULL),(34619,'Manuel','Hudis','Courthouse Plaza Southwest','Dayton','OH','45402','(513) 555-6021','(513) 555-6108',10000),(34623,'Anthony J.','Lacroix','777 Westchester Avenue','White Plains','NY','10604','(914) 555-6037','(914) 555-6128',NULL),(34625,'Kerry B.','Clark','565 Broad Hollow Road','Boca Raton','FL','33486','(407) 555-0351','(407) 555-430',NULL),(34630,'Anne','Levy','219 Piasa Street','Alton','IL','62002','(618) 555-7515','(618) 555-7583',NULL),(34634,'Jay W.','Preourt','100 Erie Insurance Place','Erie','PA','16530','(814) 555-2026','(814) 555-2115',NULL),(34640,'Herbert H.','Elmore','38481 Huron River Drive','Romulus','MI','48174','(313) 555-2074','(313) 555-2076',NULL),(34643,'John J.','Lewis','Two Hopkins Plaza','Baltimore','MD','21201','(410) 555-5924','(410) 555-5970',1000),(34645,'Jon','Schorling','170 West Tasman Drive','Peoria','IL','61602','(309) 555-8813','(309) 555-8851',NULL),(34647,'John M.','Boswell','767 Fifth Avenue','New York','NY','10153','(212) 555-4466','(212) 555-4532',NULL),(34651,'Anthony A.','Colburn','3025 East Victoria Street','Rancho Dominguez','CA','90221','(310) 555-6481','(310) 555-6570',NULL),(34655,'J. A.','Campbell','3171 Directors Row','Memphis','TN','38131','(901) 555-2555','(901) 555-2653',NULL),(34657,'Paul W.','Ingraham','6581 Revlon Drive','Chicago','IL','60606','(312) 555-9724','(312) 555-9772',NULL),(34662,'David L.','Bedel','6242 Garfield Street','Cass City','MI','48726','(517) 555-2165','(517) 555-2169',NULL),(34663,'Irwin K.','Latimer','3100 Washington Street','Austell','GA','30001','(404) 555-3130','(404) 555-3183',NULL),(34666,'Roger T.,','Auerbach','244 Worcester Street','North Grafton','MA','01536','(508) 555-4478','(508) 555-4572',NULL),(34669,'David C.','Callahan','141 South Central Avenue','Northbrook','IL','60062','(708) 555-7095','(708) 555-7142',NULL),(34672,'John M.','Seitz','18448 Oxnard Street','Wilmington','DE','19801','(302) 555-5861','(302) 555-5896',NULL),(34683,'Clinton R.','George','2101 Sixth Avenue North','Houston','TX','77056','(713) 555-9409','(713) 555-9493',NULL),(34685,'Samuel N.','Swenson','8111 Lyndale Avenue South','Bloomington','MN','55420','(612) 555-8843','(612) 555-8893',NULL),(34688,'R. Garry','Terhune','3101 Glenwood Avenue','Trevose','PA','19053','(215) 555-2960','(215) 555-3020',NULL),(34690,'Stuart A.','Schwartz','1162 Pittsford-Victor Road','Pittsford','NY','14534','(716) 555-9535','(716) 555-9577',NULL),(34695,'Bruce W.','Cohen','815 Matthews-Mint Hill Road','Matthews','NC','28105','(704) 555-8085','(704) 555-8161',1000),(34697,'H. Craig','Stahl','P.O. Box 1498','Reading','PA','19603','(610) 555-5935','(610) 555-5959',7500),(34701,'Clarence O.','Wilson','18400 Von Karman Avenue','Irvine','CA','92715','(714) 555-9409','(714) 555-9410',10000),(34703,'Philip Wm.','Geschke','C O Icon Health and Fitness','Logan','UT','84321','(801) 555-5020','(801) 555-5067',NULL),(34705,'Jacques','Crocker','27777 Franklin Road','Southfield','MI','48034','(810) 555-3115','(810) 555-3164',NULL),(34709,'N. A.','Williams','626 East Wisconsin Avenue','Milwaukee','WI','53201','(414) 555-7053','(414) 555-7057',NULL),(34714,'Rodger S.','Mazur','1730 Westchester Drive','High Point','NC','27260','(910) 555-5082','(910) 555-5130',NULL),(34719,'James H.','Kanely','11000 Broken Land Parkway','Columbia','MD','21044','(410) 555-7025','(410) 555-7056',NULL),(34721,'Robert D.','Bertram','Dain Bosworth Plaza','Minneapolis','MN','55402','(612) 555-7778','(612) 555-7849',1000),(34725,'William G.','Molen','695 East Main Street','Stamford','CT','06904','(203) 555-5081','(203) 555-5168',NULL),(34728,'Alan J.','Van Andel','33608 Ortega Highway','San Juan Capistrano','CA','92690','(714) 555-4045','(714) 555-4082',NULL),(34731,'Robert','Lear','817 North Frio Street','Houston','TX','77036','(713) 555-8183','(713) 555-8221',7500),(34736,'John A.','Kitchens','25 Monument Circle','Houston','TX','77060','(713) 555-3317','(713) 555-3367',NULL),(34740,'Joseph L.','Meath','105 Carnegie Center','Dallas','TX','75240','(214) 555-9800','(214) 555-9889',NULL),(34744,'Brian E.','Libin','Dial Tower','Phoenix','AZ','85004','(602) 555-5041','(602) 555-5042',NULL),(34745,'Barry','Wolfson','850 76th Street Southwest','Grand Rapids','MI','49518','(616) 555-2010','(616) 555-2052',7500),(34748,'Patrick','Powell','460 North Gulph Road','Valley Forge','PA','19482','(610) 555-1053','(610) 555-1086',500),(34752,'Mary S.','Stettinius','130 East Randolph Drive','Chicago','IL','60601','(312) 555-4056','(312) 555-4129',NULL),(34753,'J. Lynn','McNamara','Sixth Floor','Dallas','TX','75240','(214) 555-9802','(214) 555-9831',NULL),(34756,'Earl W.','Taylor','1100 Boulders Parkway','Richmond','VA','23225','(804) 555-1051','(804) 555-1147',NULL),(34758,'David N.','Roberts','730 Fifth Avenue','New York','NY','10019','(212) 555-5652','(212) 555-5719',NULL),(34763,'Peter J.','Lawrence','9500 Arboretum Boulevard','Austin','TX','78759','(512) 555-5715','(512) 555-5776',NULL),(34767,'Thomas E.','Humes','1244 Kronenwetter Drive','Decatur','GA','30030','(404) 555-4358','(404) 555-4415',7500),(34770,'Larry J.','Phillips','801 Boardwalk','Atlantic City','NJ','08401','(609) 555-4031','(609) 555-4099',NULL),(34773,'Stephen','Weinstein','One Gbc Plaza','Northbrook','IL','60062','(708) 555-3708','(708) 555-3735',NULL),(34775,'Dennis A.','Ritchie','37-18 Northern Boulevard','Long Island City','NY','11101','(718) 555-2261','(718) 555-2295',NULL),(34777,'Ayhan','Shankland','315 East Eisenhower Parkway','Ann Arbor','MI','48108','(313) 555-7069','(313) 555-7125',NULL),(34781,'Jodi L.','Metros','2302 Maxwell Lane','Houston','TX','77023','(713) 555-3192','(713) 555-3287',7500),(34783,'Edward P.','Mulkey','1100 Employers Boulevard','De Pere','WI','54115','(414) 555-1106','(414) 555-1176',NULL),(34785,'J. Roy','Kuckro','Boston Avenue At Pacific','Atlantic City','NJ','08401','(609) 555-7189','(609) 555-7231',NULL),(34786,'David E.','Cohen','1800 West Central Road','Mt Prospect','IL','60056','(708) 555-1364','(708) 555-1424',NULL),(34790,'C. Stokes','Pickett','900 North Michigan Avenue','Chicago','IL','60611','(312) 555-2458','(312) 555-2537',NULL),(34795,'C. Dawson','Corr','284 Newbury Street','Boston','MA','2115','(617) 555-2856','(617) 555-2857',NULL),(34800,'Roger R.','Anderson','44 Franklin Street','Nashua','NH','03061','(603) 555-2357','(603) 555-2370',NULL),(34801,'Joseph A.','Rudd','20 Southwest 2Nd Avenue','Rochester','MN','55902','(507) 555-2611','(507) 555-2703',NULL),(34804,'Robert E.','Smith','180 North Executive Drive','Brookfield','WI','53005','(414) 555-9055','(414) 555-9133',NULL),(34812,'James R.','Cordes','50 Spring Road','Carlisle','PA','17013','(717) 555-1903','(717) 555-1982',10000),(34817,'Rose M.','Crosby','U S Highway 22 West And S','Branchburg','NJ','08876','(908) 555-4636','(908) 555-4694',NULL),(34821,'Patrick','Eichner','13100 Northwest Freeway','Houston','TX','77040','(713) 555-7303','(713) 555-7352',NULL),(34824,'Jerry','Peterson','Jamisoon Road','East Aurora','NY','14052','(716) 555-2005','(716) 555-2074',5000),(34826,'Charles','Jetland','Courthouse Plaza Southwest','Dayton','OH','45402','(513) 555-6039','(513) 555-6134',NULL),(34832,'Phillip T.','Fritch','210 East Capitol Street','Oak Brook','IL','60521','(708) 555-2544','(708) 555-2632',NULL),(34836,'James F.','Marlen','5400 Bayfront Plaza','Santa Clara','CA','95052','(408) 555-5009','(408) 555-5095',500),(34840,'Robert','Beretta','10500 West 153Rd Street','Orland Park','IL','60462','(708) 555-3379','(708) 555-3400',NULL),(34845,'Thomas J.','Farris','1177 Bishop Street','Honolulu','HI','96813','(808) 555-4562','(808) 555-4585',NULL),(34847,'Charles M.','Skinner','727 Fifth Avenue','New York','NY','10022','(212) 555-8024','(212) 555-8088',NULL),(34851,'Ralph S.','Good','380 Middlesex Avenue','Dallas','TX','75252','(214) 555-2823','(214) 555-2831',500),(34854,'John H.','Boutcher','72 Cummings Point Road','Stamford','CT','06902','(203) 555-1021','(203) 555-1059',7500),(34858,'William C.','Hall','325 North Wells Street','Chicago','IL','60610','(312) 555-2281','(312) 555-2370',NULL),(34863,'Gary T.','Briskin','101 Gordon Drive','Lionville','PA','19341','(215) 555-2904','(215) 555-2931',500),(34865,'Bernard','Buckley','8100 North Mccormick Boulevard','Columbia','SC','29201','(803) 555-7949','(803) 555-7957',NULL),(34869,'William L.','Fassler','2525 East El Segundo Boulevard','New Orleans','LA','70113','(504) 555-2540','(504) 555-2625',NULL),(34872,'John N.','Carey','8888 Ladue Road','St Louis','MO','63124','(314) 555-7232','(314) 555-7275',NULL),(34877,'Richard','Meng','38 East 63Rd Street','New York','NY','10021','(212) 555-8518','(212) 555-8523',7500),(34880,'Leonard J.','Lombard','Airport Office Park','Coraopolis','PA','15108','(412) 555-6381','(412) 555-6438',7500),(34882,'Charles D.','Gedale','2000 Hills Avenue Northwest','Atlanta','GA','30318','(404) 555-2870','(404) 555-2945',NULL),(34886,'Patrick J.','Colburn','2575 West Bellfort','Houston','TX','77054','(713) 555-6712','(713) 555-6727',NULL),(34890,'Ole E.','Smith','Two Warren Place','Tulsa','OK','74136','(918) 555-2513','(918) 555-2596',NULL),(34891,'Jack','Shapira','14201 Northwest 60Th Avenue','Miami Lakes','FL','33014','(305) 555-2008','(305) 555-2077',NULL),(34895,'J. Lamar','Dragone','101 South Hanley','St Louis','MO','63105','(314) 555-5608','(314) 555-5693',NULL),(34899,'David','Magee','7Th Floor','Akron','OH','44308','(216) 555-8069','(216) 555-8145',10000),(34902,'George F.','Mathias','2055 Diplomat Drive','Dallas','TX','75234','(214) 555-5020','(214) 555-5022',NULL),(34907,'G. Steven','Estrin','1010 Grand Avenue','Kansas City','MO','64106','(816) 555-7005','(816) 555-7078',NULL),(34910,'Fred Jones','Cole','Terra Centre','Sioux City','IA','51102','(712) 555-1372','(712) 555-1391',500),(34913,'Barry G.','Burman','5835 Blue Lagoon Drive','Miami','FL','33126','(305) 555-6661','(305) 555-6739',NULL),(34918,'David A.','Hendricks','28601 Clemens Road','Westlake','OH','44145','(216) 555-1643','(216) 555-1713',NULL),(34921,'James S.','Binder','3000 Bernville Road','Houston','TX','77002','(713) 555-9875','(713) 555-9879',NULL),(34925,'Terry L.','Butler','Washington Dulles International','Chantilly','VA','22021','(703) 555-5874','(703) 555-5950',NULL),(34930,'James E.','Kuhn','8109 I-30','Little Rock','AR','72209','(501) 555-3603','(501) 555-3683',NULL),(34933,'Roy L.','Davis','2075 West Big Beaver Road','Troy','MI','48084','(810) 555-9141','(810) 555-9142',NULL),(34936,'Pete J.','Carter','3600 Sunset Avenue','Fort Lauderdale','FL','33324','(305) 555-3733','(305) 555-3780',NULL),(34937,'Russell A.','Cahr','7000 Marina Boulevard','Brisbane','CA','94005','(415) 555-5049','(415) 555-5058',500),(34939,'John C.','Neag','625 South Fifth Avenue','Lebanon','PA','17042','(717) 555-2526','(717) 555-2553',NULL),(34940,'R. J.','Stephens','18 Chestnut Street','Worcester','MA','01608','(508) 555-4458','(508) 555-4554',5000),(34945,'E. Ernest','Pulsifer','One Blue Hill Plaza','Shrewsbury','NJ','07702','(908) 555-7325','(908) 555-7348',NULL),(34952,'Raymond','Egan','1530 Bethel Road','Columbus','OH','43220','(614) 555-8582','(614) 555-8632',NULL),(34954,'Neil P.','Henke','P.O. Box 3309','Englewood','CO','80155','(303) 555-9216','(303) 555-9294',NULL),(34955,'Allan R.','Doering','12015 Lee Jackson Memorial','Fairfax','VA','22033','(703) 555-6004','(703) 555-6089',NULL),(34959,'W. Kurt','Elers','130 South Canal Street','Chicago','IL','60606','(312) 555-2517','(312) 555-2521',NULL),(34962,'Leon','Levy','5425 Hollister Avenue','Brentwood','TN','37027','(615) 555-2961','(615) 555-3016',500),(34963,'Howard A.','Kirkland','222 West Washington Avenue','Coraopolis','PA','15108','(412) 555-4773','(412) 555-4817',NULL),(34965,'Ronald B.','Buchanan','1840 Dehavilland Drive','Thousand Oaks','CA','91320','(805) 555-1056','(805) 555-1058',10000),(34968,'Bruce R.','Riley','455 North Cityfront Plaza','Chicago','IL','60611','(312) 555-7507','(312) 555-7521',NULL),(34972,'John E.','Carlson','2325 East 30th Street','Farmington','NM','87401','(505) 555-2841','(505) 555-2936',NULL),(34973,'Jack C. K.','Kelly','142 Doty Street','Fond Du Lac','WI','54935','(414) 555-9456','(414) 555-9506',NULL),(34979,'Lane','Osborne','1700 Lincoln Street','Burlingame','CA','94010','(415) 555-8242','(415) 555-8331',NULL),(34981,'William J.','McGinn','4560 Horton Street','San Rafael','CA','94901','(415) 555-4266','(415) 555-4311',NULL),(34983,'Laurence','Henk','455 North Cityfront Plaza','Chicago','IL','60611','(312) 555-7525','(312) 555-7622',NULL),(34985,'David G.','Colbow','1980 Post Oak Boulevard','Houston','TX','77056','(713) 555-8121','(713) 555-8206',NULL),(34989,'Abbey J.','Carter','14111 Capital Boulevard','Wake Forest','NC','27587','(919) 555-7906','(919) 555-7923',NULL),(34990,'Peter A.','Ewing','200 West Second Street','Winston-Salem','NC','27101','(910) 555-7221','(910) 555-7302',NULL),(34995,'Michael','Rasmussen','P.O. Box 358','Valley','NE','68064','(402) 555-2217','(402) 555-2234',NULL),(34998,'Robert E.','Rohrbach','6003 Guion Road','Indianapolis','IN','46254','(317) 555-3910','(317) 555-3980',NULL),(35002,'B. J.','Sohm','2601 Northwest Expressway','Oklahoma City','OK','73112','(405) 555-5520','(405) 555-5617',NULL),(35004,'Nelson J.','Charlton','444 Madison Avenue','Oak Brook','IL','60521','(708) 555-2518','(708) 555-2616',7500),(35007,'Dov','Marbut','733 Mountain Avenue','Springfield','NJ','07081','(201) 555-2256','(201) 555-2309',NULL),(35011,'Amos','Shapiro','7025 Albert Pick Road','Greensboro','NC','27417','(910) 555-2464','(910) 555-2528',NULL),(35013,'James D.','Simpson','4615 East Elwood Street','Phoenix','AZ','85040','(602) 555-8407','(602) 555-8474',NULL),(35014,'Tracey L.','Sohl','233 Kansas Street','El Segundo','CA','90245','(310) 555-3385','(310) 555-3418',NULL),(35016,'Wallace','Rabinowitz','100 North Broadway','Wichita','KS','67202','(316) 555-4476','(316) 555-4532',1000),(35018,'Luchi','Wainshal','14621 Inwood Road','Dallas','TX','75244','(214) 555-3602','(214) 555-3659',1000),(35020,'Bruce','Diamandis','9 West 57Th Street','New York','NY','10019','(212) 555-8581','(212) 555-8673',NULL),(35022,'David L.','Fagan','1050 South Prairie Avenue','Inglewood','CA','90301','(310) 555-1568','(310) 555-1635',NULL),(35026,'Jack R.','Farley','210 Baronne Street','New Orleans','LA','70112','(504) 555-1374','(504) 555-1418',NULL),(35028,'Melvyn J.','Noonan','171 South Street','Hopkinton','MA','01748','(508) 555-1017','(508) 555-1069',NULL),(35034,'Leon','Kohn','3008 Monticello Boulevard','Austin','TX','78746','(512) 555-8830','(512) 555-8872',NULL),(35038,'Thomas E.','Holleran','512 Bridge Street','Danville','VA','24543','(804) 555-7583','(804) 555-7643',NULL),(35043,'Ira A.','Freeman','155 North Lake Avenue','Pasadena','CA','91101','(818) 555-8430','(818) 555-8506',NULL),(35045,'Donald P.','Hunkele','6200 South Gilmore Road','Bedford','TX','76022','(817) 555-6704','(817) 555-6712',NULL),(35047,'Nicolette','Levy','1100 Shawnee Road','Lima','OH','45802','(419) 555-3083','(419) 555-3121',NULL),(35051,'T. Jerome','Drummond','255 Alhambra Circle','Coral Gables','FL','33134','(305) 555-6169','(305) 555-6189',500),(35053,'Lee G.','Leneve','27777 Franklin Road','Hunt Valley','MD','21030','(410) 555-3835','(410) 555-3917',NULL),(35056,'Michael E.','Case','5711 R. S. Boreham, Jr. S','Fort Smith','AR','72901','(501) 555-4729','(501) 555-4780',NULL),(35059,'Bob','Miller','6630 West Broad Street','Richmond','VA','23230','(804) 555-6734','(804) 555-6773',NULL),(35063,'Stephan W.','Paul','13705 First Avenue North','Minneapolis','MN','55441','(612) 555-9178','(612) 555-9269',NULL),(35065,'Calvin C.','Freeman','2500 Lake Cook Road','Waltham','MA','2154','(617) 555-6618','(617) 555-6691',NULL),(35069,'James','Bassin','9697 East Mineral Avenue','Englewood','CO','80112','(303) 555-3136','(303) 555-3208',NULL),(35077,'William','Freund','810 North Belcher Road','Clearwater','FL','34625','(813) 555-5682','(813) 555-5763',NULL),(35081,'Harvey I.','Hudgins','6600 Port Road','Groveport','OH','43125','(614) 555-5608','(614) 555-5642',NULL),(35086,'James D.','English','4900 South Eastern Avenue','Los Angeles','CA','90040','(213) 555-2830','(213) 555-2877',NULL),(35091,'Richard L.','Lemer','303 Peachtree Street North','Atlanta','GA','30308','(404) 555-4056','(404) 555-4069',NULL),(35098,'John F.','McGregor','South Tower','Dallas','TX','75247','(214) 555-6308','(214) 555-6366',NULL),(35101,'Neil E.','Macdonald','One Aerial Way','Syosset','NY','11791','(516) 555-4954','(516) 555-4997',NULL),(35103,'Monte','Wolfson','One First National Center','Omaha','NE','68102','(402) 555-5081','(402) 555-5133',NULL),(35108,'Jimmie M.','Grant','4600 West Roosevelt Road','Hillside','IL','60162','(312) 555-2067','(312) 555-2069',NULL),(35111,'Floyd L.','Dinkins','Anaconda Tower','Denver','CO','80202','(303) 555-7314','(303) 555-7401',7500),(35115,'Brian R.','Becker','667 Madison Avenue','New York','NY','10021','(212) 555-1409','(212) 555-1486',7500),(35118,'Edward J.','Hughey','55 Marietta Street','Atlanta','GA','30303','(404) 555-4177','(404) 555-4275',NULL),(35122,'Philip Wm.','McNairy','2200 East Golf Road','Des Plaines','IL','60016','(708) 555-5061','(708) 555-5151',NULL),(35125,'Kim G.','Wyant','2150 East Lake Cook Road','Buffalo Grove','IL','60089','(708) 555-3029','(708) 555-3124',NULL),(35127,'Arthur','Brown','1601 Wall Street','Fort Wayne','IN','46802','(219) 555-4024','(219) 555-4106',NULL),(35130,'Lester A.','Hale','911 Panorama Trail South','Rochester','NY','14625','(716) 555-6671','(716) 555-6695',NULL),(35131,'Frank A.','Baker','1551 Mccarthy Boulevard','Walnut Creek','CA','94596','(510) 555-7271','(510) 555-7336',NULL),(35132,'Samuel E.','Skinner','14621 Inwood Road','Naples','FL','33942','(813) 555-8931','(813) 555-8949',NULL),(35136,'Bruce K.','Lawrence','3500 Noble Avenue','Fort Worth','TX','76111','(817) 555-1241','(817) 555-1272',NULL),(35139,'Larry D.','Paul','3111 West Allegheny Avenue','Philadelphia','PA','19132','(215) 555-9038','(215) 555-9130',7500),(35143,'Ronald G.','Lee','3645 Las Vegas Boulevard','Las Vegas','NV','89109','(702) 555-4173','(702) 555-4204',NULL),(35145,'H. A.','Young','11825 North Pennsylvania','Carmel','IN','46032','(317) 555-6128','(317) 555-6167',NULL),(35149,'Stephen M.','Cion','Bma Tower','Kansas City','MO','64141','(816) 555-3068','(816) 555-3157',NULL),(35151,'Charles L.','Caraway','905 West Boulevard North','Elkhart','IN','46514','(219) 555-7578','(219) 555-7617',NULL),(35153,'James A.','Kohlberg','55 Public Square','Cleveland','OH','44113','(216) 555-9836','(216) 555-9891',7500),(35157,'Gene P.','Khoury','6475 Christie Avenue','Emeryville','CA','94608','(510) 555-3528','(510) 555-3928',1000),(35161,'John','Wagner','6411 A Street','Anchorage','AK','99518','(907) 555-1974','(907) 555-2026',NULL),(35164,'William A.','Hagan','4650 Cushing Parkway','Fremont','CA','94538','(510) 555-2521','(510) 555-2567',NULL),(35165,'Dom H.','Clark','P.O. Box 639','Longview','WA','98632','(360) 555-1568','(360) 555-1607',NULL),(35169,'James K.','Skime','3300 75Th Avenue','Wichita','KS','67202','(303) 555-2449','(303) 555-2476',NULL),(35177,'Richard M.','Cole','4401 Great America arkway','Santa Clara','CA','95054','(408) 555-2461','(408) 555-2552',NULL),(35181,'Richard A.','Sansom','4111 Mint Way','Dallas','TX','75237','(214) 555-3237','(214) 555-3322',NULL),(35185,'J. D.','Gauthier','14611 West Commerce Road','Daleville','IN','47334','(317) 555-2761','(317) 555-2764',NULL),(35187,'Roderick T.','Martin','3 New England Executive P','Houston','TX','77046','(713) 555-5130','(713) 555-5204',NULL),(35191,'Gerald A.','Dick','675 Third Avenue','New York','NY','10017','(212) 555-9861','(212) 555-9941',NULL),(35193,'Robert K.','Norgaard','One Metrotech Center','Brooklyn','NY','11201','(718) 555-2031','(718) 555-2046',NULL),(35198,'Samuel K.','Goodman','2520 Bypass Road','Elkhart','IN','46515','(219) 555-6590','(219) 555-6596',NULL),(35201,'Jay A.','Millman','17911 Von Karman Avenue','Irvine','CA','92714','(714) 555-5009','(714) 555-5082',7500),(35205,'James A.','McDowell','132 Fairgrounds Road','Dublin','OH','43017','(614) 555-8744','(614) 555-8819',5000),(35209,'Maynard','Bellisario','65 Challenger Road','Southfield','MI','48076','(810) 555-1018','(810) 555-1059',NULL),(35211,'Corine T.','Stafford','Star Bank Center','Cincinnati','OH','45201','(513) 555-4063','(513) 555-4139',NULL),(35214,'David','Williams','711 Washington Loop','Biloxi','MS','39530','(601) 555-7018','(601) 555-7050',NULL),(35216,'Walter M.','Mauch','136 North Third Street','Hamilton','OH','45025','(513) 555-3017','(513) 555-3041',500),(35218,'David N.','Mathews','One Summit Square','Fort Wayne','IN','46801','(219) 555-2141','(219) 555-2208',NULL),(35220,'Roy F.','Bonsen','50 Jerome Lane','Fairview Heights','IL','62208','(618) 555-2439','(618) 555-2477',NULL),(35222,'Shaun P.','Shaffer','4636 Somerton Road','Trevose','PA','19053','(215) 555-3336','(215) 555-3393',7500),(35227,'Jack E.','Tolleson','21555 Oxnard Street','Woodland Hills','CA','91367','(818) 555-4039','(818) 555-4098',NULL),(35228,'William B.','Parker','248 East Capitol Street','Louisville','KY','40299','(502) 555-5207','(502) 555-5271',500),(35233,'Karl E.','Hardy','3560 Hyland Avenue','Costa Mesa','CA','92626','(714) 555-2003','(714) 555-2007',NULL),(35237,'Robert G.','McConvey','2200 Kensington Court','Oak Brook','IL','60521','(708) 555-6623','(708) 555-6673',NULL),(35240,'H. Dennis','Selner','12501 Grand River','Brighton','MI','48116','(810) 555-5045','(810) 555-5060',NULL),(35243,'Mary M.','Sherman','3 East 54Th Street','New York','NY','10022','(212) 555-1613','(212) 555-1666',NULL),(35247,'J. Randall','Gilbert','39 Old Ridgebury Road','Danbury','CT','6817','(203) 555-2011','(203) 555-2101',NULL),(35249,'Philip D.','Sheehan','321 Harrison Avenue','Boston','MA','02118','(617) 555-2754','(617) 555-2758',7500),(35254,'Robert C.','Henry','330 South Fourth Street','Richmond','VA','23210','(804) 555-6015','(804) 555-6060',NULL),(35257,'Richard S.','Dingman','2525 22Nd Street','Santa Ana','CA','92705','(714) 555-5941','(714) 555-5997',NULL),(35261,'Dennis W.','Schloss','920 Foothill Boulevard','Atlanta','GA','30339','(404) 555-8601','(404) 555-8666',NULL),(35263,'Earl F.','Jackson','626 East Wisconsin Avenue','Phoenix','AZ','85018','(602) 555-9023','(602) 555-9076',NULL),(35266,'Mark A.','Warnock','P.O. Box 9388','Alcoa','TN','37701','(615) 555-7040','(615) 555-7123',NULL),(35271,'Eric J.','Bloom','40 East Broadway','Butte','MT','59701','(406) 555-5483','(406) 555-5510',NULL),(35275,'Joseph B.','Barone','3300 75Th Avenue','Landover','MD','20785','(301) 555-1225','(301) 555-1229',NULL),(35277,'Steve J.','Rowe','304 Cambridge Road','Woburn','MA','01801','(617) 555-2508','(617) 555-2524',NULL),(35281,'Amin J.','Pascal','100 Chelmsford Street','Lowell','MA','01853','(508) 555-5066','(508) 555-5115',NULL),(35283,'John G.','Geddes','1030 Century Building','Minneapolis','MN','55402','(612) 555-6521','(612) 555-6522',1000),(35287,'Vincent','Samuel','15 South 20Th Street','Birmingham','AL','35233','(205) 555-3049','(205) 555-3095',NULL),(35288,'R. Kent','Kurcik','1133 Boardwalk','Atlantic City','NJ','08401','(609) 555-6077','(609) 555-6090',NULL),(35294,'Edward','Ehrlich','P.O. Box 95997','Las Vegas','NV','89193','(702) 555-1228','(702) 555-1308',10000),(35296,'Daniel R.','Hamacher','1551 Mccarthy Boulevard','Milpitas','CA','95035','(408) 555-8009','(408) 555-8062',NULL),(35301,'Gary L.','Congemi','101 West Bern Street','Reading','PA','19612','(610) 555-2003','(610) 555-2099',NULL),(35302,'John M.','Ware','101 East Erie Street','Chicago','IL','60611','(312) 555-7056','(312) 555-7140',NULL),(35306,'Robert A.','Nathe','105 Reynolds Drive','Houston','TX','77056','(713) 555-8809','(713) 555-8897',NULL),(35309,'Robert J.','Dawson','504 Airport Road','Santa Fe','NM','87504','(617) 555-1013','(617) 555-1024',NULL),(35312,'Jerry T.','McCleary','411 East Wisconsin Avenue','Milwaukee','WI','53202','(414) 555-6608','(414) 555-6610',NULL),(35314,'Rollin M.','Sapp','305 South Main Street','Greenville','SC','29601','(803) 555-4405','(803) 555-4422',NULL),(35319,'Brian H.','Yost','401 West Michigan Street','New Hyde Park','NY','11042','(516) 555-1531','(516) 555-1560',10000),(35323,'Roger H.','Bates','301 Grant Street','Pittsburgh','PA','15219','(412) 555-4569','(412) 555-4648',NULL),(35326,'Dean P.','Gibson','2600 West Magnolia Boulevard','Burbank','CA','91505','(818) 555-8760','(818) 555-8773',NULL),(35330,'Barry W.','Lepage','P.O. Box 399','Verdi','NV','89439','(702) 555-6040','(702) 555-6073',NULL),(35331,'Jerry','Pandir','One State Street','Hartford','CT','06102','(203) 555-1887','(203) 555-1983',NULL),(35334,'Randall L.','Fritz','1000 East Main Street','Plainfield','IN','46168','(317) 555-9678','(317) 555-9731',NULL),(35336,'Randy J.','Sharp','420 Madison Avenue','Toledo','OH','43604','(419) 555-2125','(419) 555-2135',NULL),(35340,'James K.','Mulherin','9387 Dielman Industrial D','Houston','TX','77042','(713) 555-1426','(713) 555-1512',7500),(35343,'Judith A.','Coyle','125 Main Street','Deerfield','IL','60015','(708) 555-5594','(708) 555-5691',NULL),(35345,'David C.','Cozadd','Research Park','Princeton','NJ','08540','(609) 555-8557','(609) 555-8623',NULL),(35347,'R. David','Ryan','15 South 20th Street','Birmingham','AL','35233','(205) 555-3008','(205) 555-3098',NULL),(35351,'Richard E.','Babiuk','7337 West Washington Street','Indianapolis','IN','46231','(317) 555-4050','(317) 555-4131',NULL),(35355,'John E.','Lewis','3600 Euclid Avenue','Cleveland','OH','44115','(216) 555-8942','(216) 555-9036',NULL),(35356,'Karen L.','Wimberley','1601 Wall Street','Fort Wayne','IN','46802','(219) 555-4011','(219) 555-4081',NULL),(35360,'Brian','Lehmann','111 South Calvert Street','Dallas','TX','75201','(214) 555-7824','(214) 555-7879',NULL),(35362,'William L.','Kirk','Five Cambridge Center','Cambridge','MA','02142','(617) 555-8803','(617) 555-8870',NULL),(35363,'Ronald V.','Kohn','100 West Putnam Avenue','Greenwich','CT','06830','(203) 555-1139','(203) 555-1210',NULL),(35367,'J. Hallam','Rosser','667 Madison Avenue','New York','NY','10021','(212) 555-2018','(212) 555-2062',NULL),(35371,'Gene E.','Logan','1065 Highway 315','Wilkes Barre','PA','18702','(717) 555-7525','(717) 555-7555',NULL),(35373,'N.A.','Mar-Haim','9 West Broad Street','Stamford','CT','06902','(314) 555-8824','(314) 555-8831',NULL),(35375,'Martin E.','Reddick','50 South First Avenue','Coatesville','PA','19320','(610) 555-2037','(610) 555-2092',NULL),(35379,'Janie L.','Uren','4 Landmark Square','Stamford','CT','06901','(203) 555-7185','(203) 555-7225',NULL),(35380,'Morton','Kearney','1500 Harbor Boulevard','Weehawken','NJ','07087','(201) 555-7304','(201) 555-7379',NULL),(35384,'E. Charlotte','Train','One Tower Lane','Oakbrook Terrace','IL','60181','(708) 555-7741','(708) 555-7756',500),(35389,'Victor H.','Lenihan','4700 South Boyle Avenue','Los Angeles','CA','90058','(213) 555-1112','(213) 555-1155',NULL),(35391,'Samuel A.','Marshall','1511 Sixth Avenue','Seattle','WA','98101','(206) 555-6780','(206) 555-6814',500),(35394,'John E.','Simpson','2710 Wycliff Road','Raleigh','NC','27607','(919) 555-4585','(919) 555-4670',NULL),(35399,'Gerald A.','Watts','680 East Swedesford Road','Plano','TX','75093','(214) 555-4130','(214) 555-4197',NULL),(35403,'William J.','Scott','4410 Main Street','Kansas City','MO','64111','(816) 555-6939','(816) 555-6984',NULL),(35408,'Charles R.','Ewert','2525 East El Segundo Boulevard','El Segundo','CA','90245','(310) 555-6561','(310) 555-6658',NULL),(35412,'John A.','Landon','500 Griswold Street','Detroit','MI','48226','(313) 555-5523','(313) 555-5544',NULL),(35413,'Jan','Ross','300 West Service Road','Chantilly','VA','22021','(703) 555-5866','(703) 555-5960',NULL),(35418,'C. Alan','Hilzinger','P.O. Box 2999','Hartford','CT','06104','(203) 555-8370','(203) 555-8426',NULL),(35423,'Robert A.','Stefanko','800 Boylston Street','Boston','MA','02199','(617) 555-2008','(617) 555-2078',NULL),(35425,'Michael D.','Bennett','1901 Harrison Street','Oakland','CA','94612','(510) 555-3425','(510) 555-3496',NULL),(35428,'Stephen D.','Faherty','One Oxford Centre','Pittsburgh','PA','15279','(412) 555-6081','(412) 555-6126',NULL),(35432,'Robert A.','Shanahan','5995 Plaza Drive','Cypress','CA','90630','(714) 555-1133','(714) 555-1200',NULL),(35434,'Tilden M.','Burkhart','1055 Corporate Center Drive','Oconomowoc','WI','53066','(414) 555-1825','(414) 555-1872',NULL),(35437,'S. W. C.','Fiorenza','2029 West Dekalb Street','Camden','SC','29020','(803) 555-1485','(803) 555-1568',NULL),(35439,'Michael','Lavelle','C/O Williamhouse-Regency,','New York','NY','10010','(212) 555-2033','(212) 555-2111',NULL),(35442,'Frank A.','Jorden','1133 Boardwalk','Atlantic City','NJ','08401','(609) 555-6019','(609) 555-6056',NULL),(35445,'R. Kirk','Bowers','3 East 54th Street','New York','NY','10022','(212) 555-1611','(212) 555-1699',7500),(35447,'Robert J.','Walters','2501 Woodlake Circle','Fairgax','VA','22030','(703) 555-7018','(703) 555-7019',NULL),(35449,'Eric J.','Downey','222 South Main Street','Atlanta','GA','30350','(770) 555-9488','(770) 555-9569',NULL),(35452,'Stanley A.','Levari','515 Houston Street','Fort Worth','TX','76102','(817) 555-9435','(817) 555-9496',NULL),(35455,'Margot W.','Owen','550 California Street','San Francisco','CA','94104','(415) 555-4707','(415) 555-4800',NULL),(35459,'Norman','King','1411 East Mission Avenue','Brentwood','TN','37027','(615) 555-9290','(615) 555-9341',NULL),(35463,'S.','Cook','80 Marcus Drive','Melville','NY','11747','(516) 555-1905','(516) 555-1999',NULL),(35467,'Mark C.','Bates','1275 Wampanoag Trail','Dallas','TX','75229','(214) 555-3612','(214) 555-3630',NULL),(35469,'Harold O.','Taylor','16803 Dallas Parkway','Dallas','TX','75248','(214) 555-3085','(214) 555-3091',NULL),(35473,'Jane E.','Davies','4 Landmark Square','Stamford','CT','06901','(203) 555-7138','(203) 555-7194',NULL),(35476,'Samuel J.','Smith','141 South Central Avenue','Hartsdale','NY','10530','(914) 555-9617','(914) 555-9649',NULL),(35478,'Robert','Jeppesen','1010 Grand Avenue','Kansas City','MO','64106','(816) 555-7060','(816) 555-7101',NULL),(35481,'Gary','Laiser','3820 Edison Lakes Parkway','Mishawaka','IN','46545','(219) 555-4608','(219) 555-4650',NULL),(35485,'Michael E.','Griffin','1025 Laurel Oak Road','Voorhees','NJ','08043','(609) 555-8231','(609) 555-8259',NULL),(35487,'John L.','Powers','10201 Torre Avenue','Carlsbad','CA','92008','(619) 555-1509','(619) 555-1598',NULL),(35492,'H. K., Jr.','Norton','239 Fayetteville Street','Raleigh','NC','27601','(919) 555-7008','(919) 555-7020',NULL),(35494,'Richard A.','Jones','1220 Senlac Drive','Carrollton','TX','75006','(214) 555-4810','(214) 555-4900',NULL);

CREATE TABLE "countries" (
  "CountryID" int NOT NULL,
  "CountryName" varchar(40) NOT NULL,
  PRIMARY KEY ("CountryID")
);

INSERT INTO "countries" VALUES (1,'Afghanistan'),(2,'Albania'),(3,'Algeria'),(4,'American Samoa'),(5,'Andorra'),(6,'Angola'),(7,'Anguilla'),(8,'Antarctica'),(9,'Antigua and Barbuda'),(10,'Argentina'),(11,'Armenia'),(12,'Aruba'),(13,'Australia'),(14,'Austria'),(15,'Azerbaijan'),(16,'Bahama Islands'),(17,'Bahrain'),(18,'Bangladesh'),(19,'Barbados'),(20,'Belarus'),(21,'Belgium'),(22,'Belize'),(23,'Benin'),(24,'Bhutan'),(25,'Bolivia'),(26,'Bosnia and Herzegovina'),(27,'Botswana'),(28,'Brazil'),(29,'Brunei'),(30,'Bulgaria'),(31,'Burkina Faso'),(32,'Burma'),(33,'Burundi'),(34,'Cambodia'),(35,'Cameroon'),(36,'Canada'),(37,'Cape Verde'),(38,'Central African Republic'),(39,'Chad'),(40,'Chile'),(41,'China'),(42,'Colombia'),(43,'Comoros'),(44,'Congo'),(45,'Costa Rica'),(46,'Cote d''Ivoire'),(47,'Croatia'),(48,'Cuba'),(49,'Cyprus'),(50,'Czech Republic'),(51,'Denmark'),(52,'Djibouti'),(53,'Dominica'),(54,'Dominican Republic'),(55,'Ecuador'),(56,'Egypt'),(57,'El Salvador'),(58,'Equatorial Guinea'),(59,'Eritrea'),(60,'Estonia'),(61,'Ethiopia'),(62,'Fiji'),(63,'Finland'),(64,'France'),(65,'Gabon'),(66,'Gambia'),(67,'Georgia'),(68,'Germany'),(69,'Ghana'),(70,'Great Britain'),(71,'Greece'),(72,'Greenland'),(73,'Grenada'),(74,'Guatemala'),(75,'Guinea'),(76,'Guinea-Bissau'),(77,'Guyana'),(78,'Haiti'),(79,'Honduras'),(80,'Hungary'),(81,'Iceland'),(82,'India'),(83,'Indonesia, Republic of'),(84,'Iran'),(85,'Iraq'),(86,'Ireland'),(87,'Israel'),(88,'Italy'),(89,'Jamaica'),(90,'Japan'),(91,'Jordan'),(92,'Kazakhstan'),(93,'Kenya'),(94,'Kiribati'),(95,'Korea, North'),(96,'Korea, South'),(97,'Kuwait'),(98,'Kyrgyzstan'),(99,'Laos'),(100,'Latvia'),(101,'Lebanon'),(102,'Lesotho'),(103,'Liberia'),(104,'Liechtenstein'),(105,'Lithuania'),(106,'Luxembourg'),(107,'Macedonia'),(108,'Madagascar'),(109,'Malawi'),(110,'Malaysia'),(111,'Maldives'),(112,'Mali'),(113,'Malta'),(114,'Marshall Islands'),(115,'Mauritania'),(116,'Mexico'),(117,'Micronesia, Federated States of'),(118,'Moldova'),(119,'Monaco'),(120,'Mongolia, Republic of'),(121,'Morocco'),(122,'Mozambique'),(123,'Namibia'),(124,'Nauru'),(125,'Nepal'),(126,'Netherlands'),(127,'New Zealand'),(128,'Nicaragua'),(129,'Niger'),(130,'Nigeria'),(131,'Norway'),(132,'Oman'),(133,'Pakistan'),(134,'Palau, Republic of'),(135,'Panama'),(136,'Papua New Guinea'),(137,'Paraguay'),(138,'Peru'),(139,'Philippines'),(140,'Poland'),(141,'Portugal'),(142,'Qatar'),(143,'Romania'),(144,'Russia'),(145,'Rwanda'),(146,'Saint Kitts and Nevis'),(147,'Saint Lucia'),(148,'Saint Vincent/the Grenadines'),(149,'San Marino'),(150,'Sao Tome and Principe'),(151,'Saudi Arabia'),(152,'Senegal'),(153,'Serbia and Montenegro'),(154,'Seychelles'),(155,'Sierra Leone'),(156,'Singapore'),(157,'Slovakia'),(158,'Slovenia'),(159,'Solomon Islands'),(160,'Somalia'),(161,'South Africa'),(162,'Spain'),(163,'Sri Lanka'),(164,'Sudan'),(165,'Suriname'),(166,'Swaziland'),(167,'Sweden'),(168,'Switzerland'),(169,'Syria'),(170,'Tajikistan'),(171,'Tanzania, United Republic of'),(172,'Thailand'),(173,'Togo'),(174,'Tonga'),(175,'Trinidad and Tobago'),(176,'Tunisia'),(177,'Turkey'),(178,'Turkmenistan'),(179,'Tuvalu'),(180,'Uganda'),(181,'Ukraine'),(182,'United Arab Emirates'),(183,'United States'),(184,'Uruguay'),(185,'Uzbekistan'),(186,'Vanuatu'),(187,'Vatican City'),(188,'Venezuela'),(189,'Vietnam'),(190,'Western Sahara'),(191,'Yemen'),(192,'Congo, Republic of (formerly Zaire)'),(193,'Zambia'),(194,'Zimbabwe'),(195,'Bermuda'),(196,'Cayman Islands'),(197,'East Timor'),(198,'French Guiana'),(199,'French Polynesia'),(200,'Guadeloupe'),(201,'Guam'),(202,'Guernsey'),(203,'Hong Kong'),(204,'Libya'),(205,'Macau'),(206,'Martinique'),(207,'Mauritius'),(208,'Mayotte'),(209,'Montserrat'),(210,'New Caledonia'),(211,'Ashmore and Cartier Islands'),(212,'Baker Island'),(213,'Bassas da India'),(214,'Bouvet Island'),(215,'British Indian Ocean territory'),(216,'British Virgin Islands'),(217,'Christmas Island'),(218,'Clipperton Island'),(219,'Cocos Island'),(220,'Cook Islands'),(221,'Coral Sea Islands'),(222,'French Southern and Antartic Lands'),(223,'Europa Island'),(224,'Falkland Islands'),(225,'Faroe Islands'),(226,'Gaza Strip'),(227,'Samoa'),(228,'Heard Island and McDonald Islands'),(229,'Howland Island'),(230,'Jan Mayen'),(231,'Jarvis Island'),(232,'Johnston Atoll'),(233,'Juan de Nova Island'),(234,'Kingman Reef'),(235,'Man, Isle of'),(236,'Midway Islands'),(237,'Navassa Island'),(238,'Netherlands Antilles'),(239,'Niue'),(240,'Saint Pierre and Miquelon'),(241,'Saint Helena'),(242,'Northern Mariana Islands'),(243,'Palmyra Atoll'),(244,'Paracel Islands'),(245,'Pitcarin Islands'),(246,'Puerto Rico'),(247,'Reunion'),(248,'Spratly Islands'),(249,'Taiwan'),(250,'Tokelau'),(251,'Tromelin Island'),(252,'Turks and Caicos Islands'),(253,'Virgin Islands'),(254,'Wake Island'),(255,'Wallis and Futuna'),(256,'West Bank');

CREATE TABLE "employees" (
  "EmployeeID" int NOT NULL,
  "FirstName" varchar(30) NOT NULL,
  "LastName" varchar(30) NOT NULL,
  "WorkPhone" varchar(8) DEFAULT NULL,
  "CommissionRate" real DEFAULT NULL,
  "HireDate" date DEFAULT NULL,
  "BirthDate" date DEFAULT NULL,
  "Gender" varchar(1) DEFAULT NULL,
  PRIMARY KEY ("EmployeeID")
);

INSERT INTO "employees" VALUES (1301,'Patti','Stonesifer','555-7777',0.0500,'1999-07-06','1969-10-12','F'),(1364,'Kevin','Pruski','555-5645',0.0400,'2003-08-05','1982-01-06','M'),(1528,'Luca','Pacioli','555-5876',0.0600,'1998-08-26','1953-05-16','M'),(1695,'Ted','Nagasaki','555-5021',0.0400,'2003-01-23','1980-04-10','M'),(2240,'Sharon','Stonely','555-5602',0.1500,'1991-11-05','1964-05-03','F'),(2318,'Helen','Hunter','555-5018',0.0800,'1998-11-16','1957-01-26','F'),(2754,'Phillipe','Kahn','555-5786',0.0500,'2000-05-14','1964-05-29','M'),(3370,'David','Kole','555-5004',0.0900,'1995-02-08','1966-03-23','M'),(3432,'Melinda','English','555-5296',0.0800,'1996-10-01','1959-02-14','F'),(3436,'William','Gates','555-5737',0.0600,'1998-04-11','1957-03-09','M'),(3458,'Alanis','Morrison','555-5353',0.1500,'1992-12-13','1959-07-04','F'),(3609,'Annie','Chang','555-5940',0.0500,'2000-09-16','1980-03-30','F'),(3692,'Steve','Ballmer','555-5074',0.1500,'1988-05-16','1947-07-13','M'),(3700,'Larry','Ellison','555-5929',0.0700,'1997-04-18','1957-12-12','M'),(3892,'Brad','Shoenstein','555-5280',0.1100,'1993-09-05','1958-03-06','M'),(3943,'Barbara','Watterson','555-5933',0.0800,'1996-10-10','1964-05-01','F'),(4012,'Barbara','Minsky','555-5707',0.1100,'1993-10-13','1962-04-12','F'),(4029,'Sharad','Manispour','555-5269',0.1100,'1993-12-18','1972-02-04','M'),(4057,'Giles','Bateman','555-5107',0.0900,'1995-02-16','1961-05-01','M'),(4058,'Whitney','Halstead','555-5611',0.0500,'1999-06-16','1976-12-22','F'),(4082,'Hillary','Flintsteel','555-5983',0.1100,'1993-03-21','1961-08-22','F'),(4112,'Ted','Goldman','555-5765',0.1100,'1993-12-24','1965-03-05','M');

CREATE TABLE "inventory" (
  "InventoryID" int NOT NULL,
  "Name" varchar(40) NOT NULL,
  "Price" real DEFAULT NULL,
  "OnHand" int DEFAULT NULL,
  "Description" varchar(500) DEFAULT NULL,
  "ItemType" varchar(1) DEFAULT NULL,
  "CountryID" int DEFAULT NULL,
  PRIMARY KEY ("InventoryID"),
  CONSTRAINT "fk_Inventory_Countries" FOREIGN KEY ("CountryID") REFERENCES "countries" ("CountryID") ON DELETE CASCADE
);

INSERT INTO "inventory" VALUES (101,'Kopi Luwak',325.00,10,'This highly unusual coffee is  harvested by a tree-climbing marsupial living on Java, Sumatra, and Sulawesi called the Paradoxurus. Once the animal eats the beans, they  pass through the animals digestive system unaltered and are deposited (eventually) on the ground. Humans come along, pick up the undigested beans, clean them. The estimated total annual crop is less than 500 pounds. That, my friends, is the honest story of the coffees origin. Happy cupping!','C',83),(103,'Nicaragua Maragogipe',7.50,200,'Complexly fruitty and richly floral including papaya, lemon, and hints of flowers all ride a strong, balanced structure. Good body, smooth feel, sweet acidity.','C',128),(104,'Costa Rica Tarrazu',7.40,4000,'A perfect balance of acidity and body. Strictly hard bean Arabica from Costa Rica; medium body with a tangy aroma, lively acidity and rich overtones. Very similar to Jamaican Blue Mountain, but with less depth.','C',45),(107,'Costa Rica La Manita',9.50,5090,'A standard against which all other Strictly Hard Beans are judged against. Highly aromatic: sweet and caramelly aroma; full bodied; flavor is rich, complex; clean finish.','C',45),(110,'Sumatra Mandheling',5.60,3330,'An enticing favorite of many; syrupy, earthy, and deep. Grown at altitudes between 2,500 and 5,000 feet. Beans are dry processed with the husk removed by cleansing in hot water. Mandheling and Ankola are the finest varieties.','C',83),(113,'Assam Fancy 2nd Flush',8.80,315,'The largest tea-producing district in the world located in northeast India and known for the high quality of its black teas.  Assams are superb drinking; known for their rich, heavy, malty, very fragrant flavor.','T',41),(116,'Darjeeling Badamtam',8.10,512,'Black tea; A tea grown in an area of India that is northwest of Assam, known as Darjeeling. Darjeeling is grown in the foothills of the Himalayas at elevations of 1,000 to 6,000 feet. It has a complex aroma with a clear, brisk, and penetrating flavor. Darjeeling is truly one of the finest teas in the world!','T',82),(119,'Assam Tara TGFOP-1',13.30,429,'The largest tea-producing district in the world located in northeast India and known for the high quality of its black teas.  Assams are superb drinking; known for their rich, heavy, malty, very fragrant flavor. TGFOP stands for Tippy Golden Flowery Orange Pekoe This grade represents some of the most precious tea in the world. It is not uncommon to see whole leaves in their original state after brewing. The tip on these leaves can make up as much as a fourth of a whole leaf.','T',41),(122,'Ceylon Pekoe Labookelle',6.20,468,'Black tea; Sri Lanka, off the southeast coast of India, is the 2nd largest exporter of tea in the world. Strong and full, yet delicately flavored, Ceylon teas have a mildly sweet aroma reminiscent of honeysuckle.','T',163),(125,'Ceylon Supreme',7.00,291,'Black tea; Sri Lanka, off the southeast coast of India, is the 2nd largest exporter of tea in the world. Strong and full, yet delicately flavored, Ceylon teas have a mildly sweet aroma reminiscent of honeysuckle.','T',163),(128,'Ceylon Uva Highlands',8.20,419,'Black tea; Sri Lanka, off the southeast coast of India, is the 2nd largest exporter of tea in the world. Strong and full, yet delicately flavored, Ceylon teas have a mildly sweet aroma reminiscent of honeysuckle.','T',163),(131,'China Keemun',10.90,408,'Black tea; From the northern district of China, Keemun tea has been called the Burgundy of teas because of its superb bouquet. It is considered to be one of the finest teas in the world. Aromatic, with a rich, distinctive, concentrated flavor.','T',41),(134,'China Yunnan',10.30,443,'Black tea; tea from this province in southwestern China was first exported over 1,000 years ago. Originally a source of green tea, Yunnan in recent years has developed a black tea that is lighter and more delicately flavored than some of the traditional South China Congous.','T',41),(135,'Indian Mysore',12.50,400,'Sweet, midtoned, and intensely fragrant with a complex of sweet citrus and fresh-cut cedar. This striking aromatic combination hints at a sort of herb toned chocolate. Slightly heavy, bittersweet finish.','C',82),(137,'Darjeeling Namring',19.80,196,'Black tea; Assam, known as Darjeeling. Darjeeling is grown in the foothills of the Himalayas at elevations of 1,000 to 6,000 feet. It has a complex aroma with a clear, brisk, and penetrating flavor. Darjeeling is truly one of the finest teas in the world!','T',82),(140,'Kalgar-India',7.50,474,'Black tea;','T',82),(143,'Kenya Kaproret',9.90,515,'Black tea;','T',93),(146,'Mocha',13.10,750,'Bold, earthy, mild acidity. One of Arabia''s oldest and best known coffees.','C',151),(152,'Zimbabwe',8.90,2100,'Delicate, fruity aroma; medium body; high level of acidity; moderately sweet flavor.','C',194),(155,'Ethiopia Mokas',7.40,4000,'Earthy and winey; indigenous to Ethiopia. Ethiopia is where coffee originated.','C',61),(158,'Guatemala Antigua',6.90,1400,'Elegant and complex. Contains hints of cocoa and spice. Grown in the mountainous Antigua region, this coffee is one of the most prized in Guatemala.','C',74),(161,'Yemen Mocha',5.60,3450,'Extremely complex aroma; spicy, cocoa, nutty, herbal and malty; full-bodied and very smooth; rich, winey and tart flavor.','C',191),(163,'Rwanda A',8.95,545,'Sweet, balanced, intense with deep dimension and a grand range of nuance ranging from floral top notes to mid tones of papaya and possibly pear. Superb aroma. An explosive entry, in the cup, with intense, almost contradictory impressions of sweetness, bitterness, acidity, and floral and cherry-toned fruit. Smooth, rich finish.','C',145),(164,'Jamaican Blue Mountain',22.00,4290,'Extremely mellow, sweet-tasting and delightfully aromatic; rich, full-bodied, well balanced; highland coffees grown in two estates: Wallensford Estate (the best) and Silverhill Estate; lowland coffees are used mainly for fillers and blending. Only about 80 tons of Wallensford Estate Blue Mountain are produced each year.','C',89),(167,'Ethiopia Sidamo',7.80,3440,'Floral aroma and lively acidity. This coffee is processed using the wet method to separate the cherry from the bean. Doing so produces a bright, lively acidity. Ethiopia is where coffee originated.','C',61),(170,'Berry Patch',12.90,354,'Fruit blend Tisanes;','T',68),(173,'Freesia''s Garden',11.60,354,'Fruit blend Tisanes;','T',68),(176,'New Zealand Sunnyslopes',11.50,354,'Fruit blend Tisanes;','T',127),(179,'Passionfruit Fruit Blend',12.80,354,'Fruit blend Tisanes;','T',NULL),(182,'Columbia Bucaramanga Especial',7.40,2000,'Full bodied, medium acidity, nutty undertones; a soft-bean coffee with some of the character of fine Sumatran coffees.','C',42),(185,'Columbia Supremo',4.30,2550,'Full bodied; walnutty flavor. The top of the line for Colombian arabicas.','C',42),(188,'Vienna',3.90,2770,'Great with dessert. Has a deep, smoky finish. This coffee is processed using the wet method to separate the cherry from the bean. Doing so produces a bright, lively acidity. Consists of light roasted and dark roasted beans.','C',88),(191,'An Hui Silver Sprout',11.70,474,'Green tea;','T',41),(194,'Green Jakarta Clove',6.50,205,'Green tea;','T',82),(197,'Green Sencha Fukujya',19.00,463,'Green tea;','T',90),(200,'Gunpowder',8.30,141,'Green tea; Hand-rolled into tight little pellets, it brews a clear amber liquor with a tint of green, a light fragrance and a clean, lively, bright taste that is vaguely sweet and haunting. It has surprising body.','T',41),(202,'Bolivia Organic',12.95,560,'Lovely balance of dry and sweet acidy tones. More than balanced, integrated and smoothly complete in expression. Floral notes in the nose. In the cup, the cherr-toned fruit carries pleasing hints of a clean, sweet ferment.','C',25),(203,'Hunan Gu Zhang Mao Jian',22.70,444,'Green tea;','T',90),(206,'Japanese Cherry Sakura',12.20,273,'Green tea;','T',90),(209,'Morrocan Green Mint',8.30,501,'Green tea;','T',121),(212,'Pan Fired Green',7.20,324,'Green tea;','T',NULL),(215,'Guatemala Huehuetenago',7.40,2200,'Grown in red volcanic soil. A wild side version of Strictly Hard Bean Guatemalans.','C',74),(221,'Kilimanjaro',5.30,910,'Grown on the slopes of Mt. Kilimanjaro in Northern Tanzania. Mild aroma, deep rich body, delicate acidity.','C',171),(224,'New Guinea',7.40,1130,'Harmonious and smooth; toasty and sweet aroma; medium and smooth body; mellow and malty flavor. Coffee has grown on this island ever since Arabica typical plants were introduced in 1937.','C',136),(226,'Timor Maubesse Organic',7.50,800,'A sweet, lyric coffee with remarkable complexity. The aroma has distince leather notes, winy fruit, milk chocolate. The wine tones deepen and take on a smoky edge in the cup. Clean sweet, grape-like finish.','C',197),(227,'Euco Mint',6.30,354,'Herbal Tisane blends;','T',56),(230,'Garden Treat',7.00,354,'Herbal Tisane blends;','T',NULL),(233,'Lemon Ainger',7.10,226,'Herbal Tisane blends;','T',NULL),(236,'Rose Potpourri',6.90,443,'Herbal Tisane blends;','T',68),(239,'Sixteen Herb Mu',15.30,-45,'Herbal Tisane blends;','T',82),(242,'Orange Peel',7.70,343,'Herbal Tisanes; 1/4 inch cut','T',NULL),(245,'Eucalyptus',5.80,236,'Herbal Tisanes; broken leaf','T',56),(248,'Comfrey Leaves',7.20,54,'Herbal Tisanes; cut, sifted','T',56),(251,'Lemon Grass',3.80,-67,'Herbal Tisanes; cut, sifted','T',41),(254,'Chamomile Blossom',8.80,456,'Herbal Tisanes; whole flowers. Sweet and complex. Grown on the plains of the Nile valley. The world''s best Chamomile!','T',56),(257,'Hibiscus',10.90,238,'Herbal Tisanes; whole flowers','T',116),(260,'Espresso Roast',7.10,2230,'Intense, hearty, satisfying.','C',NULL),(263,'Mexican Coatepec',6.70,1000,'It has a fine acidity, delicate body, and pleasantly mellow flavor. Fine Mexican coffees such as Coatepec now compare well with those from Central America.','C',116),(266,'Kona Extra Fancy',18.00,2740,'Mild, smooth, and delicately aromatic. A mellow roast. This coffee is processed using the wet method to separate the cherry from the bean. Doing so produces a bright, lively acidity. Grown on the slopes of Mauna Loa on the Kona district of the island of H','C',183),(269,'Passionfruit with Flowers',8.40,354,'Natural flavored tea;','T',93),(272,'Peach',8.00,354,'Natural flavored tea;','T',NULL),(275,'Raspberry',8.00,354,'Natural flavored tea;','T',NULL),(278,'Rumba',8.00,354,'Natural flavored tea;','T',NULL),(281,'Strawberry',7.70,354,'Natural flavored tea;','T',NULL),(284,'Vanilla with Vanilla Bean',9.60,354,'Natural flavored tea;','T',NULL),(287,'Mango',9.90,354,'Natural flavored tea;','T',93),(290,'Black Cherry',8.00,131,'Natural flavored tea;','T',NULL),(293,'Black Currant',8.60,545,'Natural flavored tea;','T',NULL),(296,'Blue Lady',8.80,354,'Natural flavored tea;','T',NULL),(299,'Nicaraguan Matagalpa',11.90,500,'Nicaraguan coffee is often difficult to describe. It has a decent body and acidity with a mild flavor. Though the consistency is irregular, the Nicaraguan coffees are excellent when compared to the best Central American coffees.','C',128),(300,'Honduras Intibuca',12.50,700,'Dry and forceful. The acidith is intense but sweet. The fruit is crisply austere: sauvignon blanc wine grapes, black currant. A challenging coffee that commands rather then seduces.','C',79),(302,'Formosa Silvertip Oolong',44.50,106,'The best oolong tea and one of the finest teas of any kind, marked by a piquant pungency and an almost fruity flavor in the cup.','T',41),(305,'Fujian Oolong Ti Kuan Yin',15.20,511,'China oolong tea tends to be rough in comparison to Formosa oolong yet it can be brisk and rich in flavor.','T',90),(308,'Orange Blossom Oolong',10.20,444,'China oolong tea tends to be rough in comparison to Formosa oolong yet it can be brisk and rich in flavor.','T',41),(311,'Ethiopia Yergacheffe',8.90,5600,'Piquant and having a sweet, fruity taste. Full toasty, dramatic, and caramelly aroma. Body is medium to mellow. Coffee is processed using the wet method to separate the cherry from the bean. Doing so produces a bright, lively acidity. Ethiopia is where coffee was born.','C',61),(314,'Mocha Java',6.40,1280,'Powerful, bold, and exotic. Worlds oldest and most well known blend: Ethiopian Mocha Harrar blended perfectly with Java Estate. Then, the beans are roasted dark. The  blend combines the spicy full body of Estate Java with the piquancy and pungent aroma of Arabian Mocha.','C',83),(317,'Kenya AA',8.10,4240,'Rich bourbon-like, bright, sweet with hints of black currant; medium bodied and winey acidity; rich, bright, sweet with hints of black currant.','C',93),(320,'Yukon Blend',6.70,3000,'Robust and earthy; lingering richness.','C',NULL),(323,'Sulawesi Peaberry',10.80,6000,'Smooth, buttery, refined, and a true treasure. This exotic bean is full bodied and very well rounded; it has a tangy touch of acidity not usually found in a Sulawesi coffee.','C',83),(326,'Java',4.70,3640,'Spicy sweetness and strong to heavy bodied and little acidity. An aged Java has a creamy flavor of toasted marshmallow (honestly)!','C',83),(332,'Celebes Kalossi',10.40,2480,'Sweet and fruity aroma; smooth and full bodied; flavor is subtle, nutty and cocoa; smooth, lingering finish.','C',83),(335,'Brazil Sul De Minas Cerra',7.40,3000,'Sweet flavor; most varieties are relatively non-distinguishable; thus, Brazil has a relatively small portion of the gourmet coffee market.  However, Brazil is the worlds leading coffee exporter, producing nearly 35 percent of the worlds coffee.','C',28),(338,'Italian Roast',8.20,2250,'Sweet, dark, spirited; rich caramel-like taste.','C',NULL),(341,'Haiti Strictly High Grown Washed',8.00,2570,'Sweet, mellow, fair-bodied coffee with a rich flavor. Coffee cultivation was started by the Jesuits in 1715. Best grade is strictly high grown washed, and the second best is high grown washed.','C',78),(344,'Brazil Bourbon Santos',3.80,5470,'Sweet, neutral flavor; most varieties are relatively non-distinguishable; thus, Brazil has a relatively small portion of the gourmet coffee market. However, Brazil is the worlds leading coffee exporter, producing nearly 35 percent of the worlds coffee.','C',28),(347,'Tanzania Moshi',8.60,2500,'Tanzanian coffees are known for their sharp, winey, and rich flavor. Moshi and Kilimanjaro are two of the est. Most coffees are grown on the slopes of Mt. Kilimanjaro and Mt. Mero on the border of Kenya.','C',171),(350,'Chanchamayo',13.10,4500,'The Chanchamayos are often as good as the best Central American coffees. They are medium bodied with mild acidity but flavorful. Quality is not always uniform, because several plantations have changed over to cocoa farming.','C',138),(353,'English Breakfast',13.70,354,'Traditional black tea blend; full-bodied and lively blend of high-grown and medium-grown black teas from Ceylon''s original Scottish tea estates founded in the 1860s.','T',82),(356,'Chai',12.90,190,'A blend of high-grown Ceylon black teas and Sri Lankan Chai spices. The flavors of cinnamon, ginger, cardamom, pepper, cloves and nutmeg create an exceptional tea.','T',41),(359,'Earl Grey',8.10,184,'A rich blend of Broken Orange Pekoe teas from Ceylon flavored with the essence of the bergamot orange. It is a full-bodied black tea with satisfying, delicate citrus flavors. In the early 18th century, Charles Earl Grey obtained the recipe for the tea and returned to England with it.','T',41),(362,'Guangxi Guihua',8.40,148,'Traditional tea;','T',90),(365,'Irish Blend',7.50,202,'Traditional tea; It is a blend of Assam and Ceylon tea. Quite compatible with milk and sugar.','T',41),(368,'Jasmine',9.50,71,'Flowery and aromatic. An elegant and unique cup of tea. Green tea scented with jasmine dates back to the Sung Dynasty in China.','T',90),(371,'Lapsang Souchong',9.10,541,'A China tea with a distinct smoky-tarry scent and flavor from the Kukien province of southern China. The tea is actually smoked over a fire to impart this flavor. This tea is considered an acquired taste for most.','T',41),(374,'Queen Mary blend',8.40,260,'A combination of choice Darjeeling tea containing mainly Orange Pekoe grades.','T',41),(377,'Russian',9.90,380,'This tea is grown in the Transcaucasian region of Russia mainly in Azerbaidzhan and Georgia. Most is consumed domestically but small amounts are exported to European countries. It is a long leaf tea and the cup is likely to be thin, light, and taste best when served with a slice of lemon (the Russian manner).','T',144),(379,'Panama La Torcaza',8.50,780,'Intense but balanced acidity, medium body, tartly sweet fruit notes that soften toward chocolate in the finish.','C',135),(380,'Ethiopia Harrar',9.30,4330,'Untamed and wild; has a berry-like flavor; nutty and spicy aroma; winey high notes; medium to full bodied with a tart flavor. Ethiopia is where coffee originated.','C',61),(383,'French Roast',5.50,-40,'Very dark roast; smoky, intense and satisfying.','C',NULL),(386,'Almond Amaretto',7.60,1330,'Usually the base coffee is Brazilian.','C',NULL),(389,'Apricot Cordial',5.60,-30,'Usually the base coffee is Brazilian.','C',NULL),(392,'Chocolate Brandy',5.70,5530,'Usually the base coffee is Brazilian.','C',NULL),(395,'Chocolate Cinnamon',5.20,2500,'Usually the base coffee is Brazilian.','C',NULL),(398,'Chocolate Hazelnut',5.90,5090,'Usually the base coffee is Brazilian.','C',NULL),(401,'Chocolate Macadamia',4.50,4740,'Usually the base coffee is Brazilian.','C',NULL),(404,'Chocolate Mint',5.80,-230,'Usually the base coffee is Brazilian.','C',NULL),(407,'Chocolate Raspberry',4.50,1800,'Usually the base coffee is Brazilian.','C',NULL),(410,'Cinnamon',4.50,5340,'Usually the base coffee is Brazilian.','C',NULL),(413,'Coconut Cream',5.60,3210,'Usually the base coffee is Brazilian.','C',NULL),(416,'Dark Chocolate Almond',5.60,1850,'Usually the base coffee is Brazilian.','C',NULL),(419,'Dutch Chocolate',5.80,2230,'Usually the base coffee is Brazilian.','C',NULL),(422,'French Vanilla',4.50,2220,'Usually the base coffee is Brazilian.','C',NULL),(425,'Hazelnut',5.90,4360,'Usually the base coffee is Brazilian.','C',NULL),(428,'House Blend',3.80,-180,'Blended from less expensive beans from Brazil or Columbia.','C',NULL),(431,'Irish Cream',6.00,2230,'Usually the base coffee is Brazilian.','C',NULL),(434,'Kahlua',4.50,-10,'Usually the base coffee is Brazilian.','C',NULL),(437,'Macadamia',4.50,4870,'Usually the base coffee is Brazilian.','C',NULL),(440,'Seville Orange',5.90,5020,'Usually the base coffee is Brazilian.','C',NULL),(443,'Southern Pecan',4.50,1640,'Usually the base coffee is Brazilian.','C',NULL),(446,'Turkish',5.60,1780,'Named for the level of roast rather than the country of origin, Turkish coffees are strong!','C',177),(449,'Vanilla Almond',5.60,2930,'Usually the base coffee is Brazilian.','C',NULL),(452,'Vanilla Nut Creme',4.50,-110,'Usually the base coffee is Brazilian.','C',NULL),(455,'Vanilla Nut Fudge',5.20,3240,'Usually the base coffee is Brazilian.','C',NULL),(458,'Apricot',14.70,354,NULL,'T',93),(461,'Darjeeling',16.10,354,'Black tea; Assam, known as Darjeeling. Darjeeling is grown in the foothills of the Himalayas at elevations of 1,000 to 6,000 feet. It has a complex aroma with a clear, brisk, and penetrating flavor. Darjeeling is truly one of the finest teas in the world!','T',82),(464,'Orange Spice',12.30,354,NULL,'T',NULL),(467,'Passionfruit',13.90,354,NULL,'T',NULL),(470,'Vanilla',15.50,354,NULL,'T',NULL);

CREATE TABLE "orders" (
  "OrderID" int NOT NULL,
  "OrderDate" date NOT NULL,
  "CustomerPO" varchar(15) DEFAULT NULL,
  "ConsumerID" int NOT NULL,
  "EmployeeID" int DEFAULT NULL,
  PRIMARY KEY ("OrderID"),
  CONSTRAINT "fk_Orders_Consumers" FOREIGN KEY ("ConsumerID") REFERENCES "consumers" ("ConsumerID") ON DELETE CASCADE,
  CONSTRAINT "fk_Orders_Employees" FOREIGN KEY ("EmployeeID") REFERENCES "employees" ("EmployeeID") ON DELETE CASCADE
);

INSERT INTO "orders" VALUES (214010,'2005-10-01','2634-635',35222,4058),(214011,'2005-10-01','587-233',33776,3458),(214012,'2005-10-01',NULL,33271,1695),(214013,'2005-10-01','2817-332',32978,1364),(214014,'2005-10-01','4155-032',32193,3609),(214015,'2005-10-02','912-232',32369,2754),(214016,'2005-10-02','662-433',33542,4082),(214017,'2005-10-03','4210-234',34109,3370),(214018,'2005-10-03','1470-034',34154,1364),(214019,'2005-10-04',NULL,31183,3370),(214020,'2005-10-04','2029-532',32031,3370),(214021,'2005-10-04','1580-633',33316,1301),(214022,'2005-10-05','1517-132',32013,3943),(214023,'2005-10-05','336-231',31102,3943),(214024,'2005-10-05','967-234',34417,3943),(214025,'2005-10-05','1209-030',30771,3943),(214026,'2005-10-06','60-535',35283,3943),(214027,'2005-10-06','1927-032',32971,3370),(214028,'2005-10-06',NULL,32130,3700),(214029,'2005-10-07','2217-334',34355,1364),(214030,'2005-10-07','1525-131',31536,3370),(214031,'2005-10-07','3965-231',31884,3370),(214032,'2005-10-10',NULL,35228,2240),(214033,'2005-10-10','4029-033',33491,2754),(214034,'2005-10-10','1031-332',32359,3436),(214035,'2005-10-11','1462-231',31002,3943),(214036,'2005-10-11',NULL,30231,3609),(214037,'2005-10-11','2972-331',31159,3458),(214038,'2005-10-11','1892-331',31143,2754),(214039,'2005-10-12','1463-630',30953,3609),(214040,'2005-10-12','1892-530',30391,4029),(214041,'2005-10-12','1056-631',31573,3700),(214042,'2005-10-12','1161-032',32907,3943),(214043,'2005-10-12','1407-231',31618,4058),(214044,'2005-10-14','1222-531',31487,2754),(214045,'2005-10-14','2277-032',32005,4012),(214046,'2005-10-14','1343-431',31628,3370),(214047,'2005-10-14','2511-130',30790,1695),(214048,'2005-10-14','4117-434',34781,4058),(214049,'2005-10-15','806-031',31096,1528),(214050,'2005-10-16','82-533',33083,4112),(214051,'2005-10-16','2911-334',34011,4012),(214052,'2005-10-16','2935-432',32978,1301),(214053,'2005-10-16','778-133',33799,3436),(214054,'2005-10-17','1573-130',30950,4029),(214055,'2005-10-18','245-630',30996,4112),(214056,'2005-10-18','2020-034',34417,1695),(214057,'2005-10-18',NULL,32787,3609),(214058,'2005-10-18','2754-632',32141,3370),(214059,'2005-10-19','3682-231',31693,4058),(214060,'2005-10-20','77-432',32069,2318),(214061,'2005-10-20','2449-634',34498,2318),(214062,'2005-10-21','3949-631',31598,1528),(214063,'2005-10-21','3184-234',34939,2240),(214064,'2005-10-22','3694-332',32851,3458),(214065,'2005-10-25','2352-430',30733,3458),(214066,'2005-10-25','1551-334',34215,3370),(214067,'2005-10-25','2084-032',32057,4112),(214068,'2005-10-25','3230-130',30343,4112),(214069,'2005-10-26','3796-532',32479,3700),(214070,'2005-10-26','2308-431',31408,1695),(214071,'2005-10-26','3461-534',34836,1301),(214072,'2005-10-26','3576-430',30626,2754),(214073,'2005-10-27','2136-330',30596,3436),(214074,'2005-10-27','2186-530',30794,4012),(214075,'2005-10-27','3987-132',32963,3692),(214076,'2005-10-28','2311-631',31542,4012),(214077,'2005-10-28','1477-033',33319,3458),(214078,'2005-10-28','1168-031',31962,4112),(214079,'2005-10-28','3385-131',31431,4012),(214080,'2005-10-30','1722-232',32270,1364),(214081,'2005-10-30','490-532',32170,4012),(214082,'2005-10-30','3579-531',31577,3700),(214083,'2005-10-30','2412-431',31528,3458),(214084,'2005-10-31','2795-332',32460,1695),(214085,'2005-10-31','381-331',31642,2754),(214086,'2005-11-01','123-333',33637,3943),(214087,'2005-11-02','4009-430',30225,3609),(214088,'2005-11-04','406-633',33555,4029),(214089,'2005-11-04','3147-233',33841,3436),(214090,'2005-11-05','2523-634',34127,3700),(214091,'2005-11-05','2342-030',30899,3700),(214092,'2005-11-06','1816-433',33837,3943),(214093,'2005-11-07','2624-033',33044,3370),(214094,'2005-11-07','2086-433',33714,4029),(214095,'2005-11-07','302-333',33061,3436),(214096,'2005-11-08','904-431',31573,2318),(214097,'2005-11-08','1515-235',35153,1364),(214098,'2005-11-08','4000-434',34159,4029),(214099,'2005-11-08',NULL,31588,3436),(214100,'2005-11-08','2259-032',32608,1364),(214101,'2005-11-10','3395-631',31855,3609),(214102,'2005-11-11','3132-034',34910,3370),(214103,'2005-11-12','1760-032',32536,2318),(214104,'2005-11-12','1057-133',33555,4012),(214105,'2005-11-12','2894-634',34695,3943),(214106,'2005-11-13','956-534',34452,2318),(214107,'2005-11-14','2162-131',31019,4082),(214108,'2005-11-14','3880-131',31577,2240),(214109,'2005-11-14','907-533',33100,3700),(214110,'2005-11-14','3387-335',35115,1364),(214111,'2005-11-14','2308-133',33203,3692),(214112,'2005-11-14','2768-333',33257,3458),(214113,'2005-11-15','1901-332',32858,3609),(214114,'2005-11-15','2834-032',32913,3692),(214115,'2005-11-15','864-534',34185,4058),(214116,'2005-11-16','1588-630',30790,4029),(214117,'2005-11-16','456-030',30212,4012),(214118,'2005-11-16','142-634',34748,3370),(214119,'2005-11-16','3435-634',34824,4112),(214120,'2005-11-16','575-534',34534,3436),(214121,'2005-11-17','1014-435',35051,2754),(214122,'2005-11-17','3423-630',30498,4112),(214123,'2005-11-17','1604-630',30139,4112),(214124,'2005-11-18','722-234',34619,4029),(214125,'2005-11-18','1755-032',32179,2754),(214126,'2005-11-18','2-435',35371,3943),(214127,'2005-11-19','719-031',31279,3700),(214128,'2005-11-20','1976-632',32765,1695),(214129,'2005-11-20',NULL,35391,4012),(214130,'2005-11-20','2966-033',33728,3458),(214131,'2005-11-20','3451-435',35111,3700),(214132,'2005-11-21','3738-031',31487,3609),(214133,'2005-11-22','2052-631',31533,2318),(214134,'2005-11-23','2434-231',31877,2318),(214135,'2005-11-23','4057-133',33861,4058),(214136,'2005-11-23','2646-631',31254,1695),(214137,'2005-11-23','151-133',33707,3700),(214138,'2005-11-23','1444-430',30389,4012),(214139,'2005-11-24','1018-630',30277,3458),(214140,'2005-11-24','3304-635',35371,3436),(214141,'2005-11-25','645-334',34441,4029),(214142,'2005-11-25','735-132',32122,2318),(214143,'2005-11-25','4151-533',33993,3436),(214144,'2005-11-26','41-232',32573,4012),(214145,'2005-11-26','493-032',32177,3436),(214146,'2005-11-26','1560-033',33902,3458),(214147,'2005-11-27','3153-632',32738,3700),(214148,'2005-11-27','2807-630',30741,3700),(214149,'2005-11-27','3635-030',30539,3436),(214150,'2005-11-27','2956-334',34176,3370),(214151,'2005-11-27','4073-130',30635,3370),(214152,'2005-11-28','3555-031',31758,1695),(214153,'2005-11-28','1216-231',31451,2318),(214154,'2005-11-28','2209-230',30528,3370),(214155,'2005-11-28','754-134',34756,1528),(214156,'2005-11-28','1694-232',32647,1695),(214157,'2005-11-29','1903-632',32441,3700),(214158,'2005-11-30',NULL,34962,4012),(214159,'2005-11-30','980-331',31279,1695),(214160,'2005-12-01','15-034',34854,3943),(214161,'2005-12-02','2264-435',35340,4058),(214162,'2005-12-02','2402-531',31402,2318),(214163,'2005-12-03','1639-633',33464,1528),(214164,'2005-12-03','780-633',33650,4029),(214165,'2005-12-03','890-234',34731,2240),(214166,'2005-12-03','2348-635',35098,4058),(214167,'2005-12-03','566-430',30474,1301),(214168,'2005-12-03','3972-531',31240,2240),(214169,'2005-12-04','2201-235',35294,1364),(214170,'2005-12-04','3575-434',34721,2318),(214171,'2005-12-05','3943-133',33280,4112),(214172,'2005-12-06','818-632',32280,2318),(214173,'2005-12-06','714-030',30835,1528),(214174,'2005-12-06','1781-230',30689,3943),(214175,'2005-12-06','408-533',33981,3370),(214176,'2005-12-07','4157-634',34863,2318),(214177,'2005-12-08','2941-134',34824,1528),(214178,'2005-12-08','2542-133',33125,1528),(214179,'2005-12-09','1223-231',31146,3609),(214180,'2005-12-10','3089-433',33100,1528),(214181,'2005-12-10','142-634',34937,2318),(214182,'2005-12-11','385-035',35347,4112),(214183,'2005-12-11',NULL,33797,3700),(214184,'2005-12-11','2863-633',33059,3943),(214185,'2005-12-11','1182-334',34509,2754),(214186,'2005-12-11','3933-134',34171,4082),(214187,'2005-12-12','1082-332',32431,3609),(214188,'2005-12-12','2769-533',33463,3943),(214189,'2005-12-12','3231-034',34498,2754),(214190,'2005-12-12','3848-433',33216,3609),(214191,'2005-12-12','1116-131',31997,2754),(214192,'2005-12-12','3424-331',31987,3436),(214193,'2005-12-13','3530-332',32052,4058),(214194,'2005-12-13','1245-134',34877,4029),(214195,'2005-12-14','374-532',32571,4058),(214196,'2005-12-15','672-633',33542,1528),(214197,'2005-12-15','3657-034',34767,4058),(214198,'2005-12-16','905-531',31302,3436),(214199,'2005-12-16','4083-133',33817,1528),(214200,'2005-12-17','2778-434',34524,4082),(214201,'2005-12-17','1928-131',31078,1301),(214202,'2005-12-17','3330-234',34168,3943),(214203,'2005-12-17','3684-034',34071,2318),(214204,'2005-12-18','3792-130',30521,3609),(214205,'2005-12-18','1868-632',32777,3943),(214206,'2005-12-18','1678-232',32358,2754),(214207,'2005-12-19','2936-332',32320,3458),(214208,'2005-12-19','2733-235',35216,4082),(214209,'2005-12-19','3246-631',31877,3692),(214210,'2005-12-20',NULL,32284,2754),(214211,'2005-12-20','1930-132',32240,3692),(214212,'2005-12-20','223-434',34940,3700),(214213,'2005-12-20','3721-232',32451,3943),(214214,'2005-12-20','131-231',31246,3700),(214215,'2005-12-21','844-534',34851,3458),(214216,'2005-12-22','3926-330',30966,1695),(214217,'2005-12-22','2609-030',30556,3692),(214218,'2005-12-22','402-334',34473,3458),(214219,'2005-12-22','1815-232',32261,2754),(214220,'2005-12-23','4169-430',30322,3943),(214221,'2005-12-23','945-533',33591,1695),(214222,'2005-12-23','1452-333',33739,3458),(214223,'2005-12-23','1580-030',30755,3609),(214224,'2005-12-23','3400-534',34940,3943),(214225,'2005-12-24','2486-433',33161,2754),(214226,'2005-12-24','4063-535',35143,3692),(214227,'2005-12-25','4186-332',32650,3700),(214228,'2005-12-25','449-532',32441,4058),(214229,'2005-12-25','1085-033',33138,3943),(214230,'2005-12-26','99-330',30258,3943),(214231,'2005-12-26','2307-632',32086,4012),(214232,'2005-12-27','1099-130',30418,2318),(214233,'2005-12-27','3326-631',31446,3943),(214234,'2005-12-27','867-334',34101,3692),(214235,'2005-12-28','3707-533',33613,1528),(214236,'2005-12-28','4073-632',32651,2240),(214237,'2005-12-28','944-134',34137,4029),(214238,'2005-12-29','1364-334',34291,3370),(214239,'2005-12-29','3019-034',34804,1695),(214240,'2005-12-30','3802-234',34476,4029),(214241,'2005-12-30',NULL,33959,2754),(214242,'2005-12-30','1720-131',31190,2754),(214243,'2005-12-31','2111-630',30810,4029),(214244,'2005-12-31','71-633',33641,1301),(214245,'2005-12-31','130-335',35139,4029),(214246,'2005-12-31','9-330',30947,3692),(214247,'2006-01-01','311-231',31940,3370),(214248,'2006-01-01','1813-631',31954,3609),(214249,'2006-01-01','2982-330',30221,1301),(214250,'2006-01-01','718-031',31428,1528),(214251,'2006-01-02','987-531',31882,1364),(214252,'2006-01-02','709-534',34129,1364),(214253,'2006-01-02','2971-635',35340,2318),(214254,'2006-01-02','2830-233',33573,3436),(214255,'2006-01-02','1484-532',32810,1528),(214256,'2006-01-03','3475-530',30231,3692),(214257,'2006-01-03','322-534',34204,4058),(214258,'2006-01-03','673-331',31038,4012),(214259,'2006-01-03','282-230',30473,1695),(214260,'2006-01-03','623-430',30581,1528),(214261,'2006-01-03','1024-635',35249,1528),(214262,'2006-01-03','247-433',33974,3700),(214263,'2006-01-04','4058-435',35201,4112),(214264,'2006-01-04','3006-232',32350,4029),(214265,'2006-01-04','890-634',34666,4058),(214266,'2006-01-06','2811-034',34458,4012),(214267,'2006-01-06','1409-631',31932,3692),(214268,'2006-01-06','2230-330',30744,3700),(214269,'2006-01-06','565-234',34731,2754),(214270,'2006-01-07','910-632',32631,3943),(214271,'2006-01-08','2618-532',32841,2240),(214272,'2006-01-08','4053-433',33340,4082),(214273,'2006-01-09','1413-533',33548,4082),(214274,'2006-01-09','2247-331',31980,4058),(214275,'2006-01-09','1378-231',31628,3609),(214276,'2006-01-10','3155-134',34657,1695),(214277,'2006-01-10','2093-432',32299,4112),(214278,'2006-01-11','188-331',31989,4029),(214279,'2006-01-11','2264-530',30583,4058),(214280,'2006-01-12','375-432',32942,4029),(214281,'2006-01-13','1258-331',31983,2754),(214282,'2006-01-13','310-234',34817,4058),(214283,'2006-01-13','3389-634',34112,3436),(214284,'2006-01-14','2997-030',30228,3700),(214285,'2006-01-14','1410-330',30984,4058),(214286,'2006-01-15','1996-533',33679,4058),(214287,'2006-01-16','1483-033',33682,3458),(214288,'2006-01-16','1861-332',32654,3943),(214289,'2006-01-16','1750-034',34824,3692),(214290,'2006-01-17','3070-034',34101,2754),(214291,'2006-01-17','491-633',33118,3943),(214292,'2006-01-17','3232-634',34306,3436),(214293,'2006-01-17','3708-333',33102,3943),(214294,'2006-01-17','3357-630',30681,3609),(214295,'2006-01-18','1242-331',31922,2240),(214296,'2006-01-18','1038-031',31496,3692),(214297,'2006-01-18','340-135',35028,3943),(214298,'2006-01-18','2693-132',32910,1528),(214299,'2006-01-19','3292-531',31943,3436),(214300,'2006-01-20','2469-232',32781,3436),(214301,'2006-01-20','3968-330',30431,1695),(214302,'2006-01-20','3203-534',34812,3609),(214303,'2006-01-20','3929-033',33930,4012),(214304,'2006-01-21','2407-432',32066,2754),(214305,'2006-01-21','2422-333',33441,3692),(214306,'2006-01-21','434-033',33289,1301),(214307,'2006-01-21','3920-134',34410,3943),(214308,'2006-01-22','3797-530',30258,3370),(214309,'2006-01-22','1090-631',31714,3370),(214310,'2006-01-22','788-032',32349,3700),(214311,'2006-01-23','760-234',34880,1528),(214312,'2006-01-24','3043-533',33115,1301),(214313,'2006-01-24','3594-133',33902,3370),(214314,'2006-01-25','3178-331',31867,2754),(214315,'2006-01-25','3070-233',33203,4058),(214316,'2006-01-25','502-631',31138,1695),(214317,'2006-01-27','3216-131',31981,4058),(214318,'2006-01-27','2296-532',32252,1301),(214319,'2006-01-27','3610-633',33567,2754),(214320,'2006-01-28','1712-130',30670,4112),(214321,'2006-01-29','2511-132',32704,4058),(214322,'2006-01-29','2951-530',30411,1364),(214323,'2006-01-29','2080-133',33781,3692),(214324,'2006-01-30','3070-032',32781,4029),(214325,'2006-01-30','2649-433',33907,3700),(214326,'2006-01-30','3882-132',32152,1301),(214327,'2006-01-30','1644-335',35445,1528),(214328,'2006-01-31','1934-632',32968,3692),(214329,'2006-01-31','957-134',34701,4082),(214330,'2006-01-31','1290-134',34380,3436),(214331,'2006-02-01',NULL,33861,2240),(214332,'2006-02-03','3861-132',32177,4058),(214333,'2006-02-04','1471-232',32427,2754),(214334,'2006-02-04','951-530',30206,1364),(214335,'2006-02-05','1936-533',33828,3943),(214336,'2006-02-07','2773-131',31634,3943),(214337,'2006-02-07','2351-630',30606,2240),(214338,'2006-02-08','1868-534',34260,3436),(214339,'2006-02-09','3993-531',31168,3458),(214340,'2006-02-09','182-432',32901,3692),(214341,'2006-02-09','3467-232',32284,4058),(214342,'2006-02-10','463-133',33685,1528),(214343,'2006-02-11','3465-032',32483,3609),(214344,'2006-02-11','2595-034',34421,3943),(214345,'2006-02-11','454-632',32763,2754),(214346,'2006-02-11','1878-134',34645,1301),(214347,'2006-02-11','895-131',31100,1695),(214348,'2006-02-11','1615-534',34351,3370),(214349,'2006-02-11','2973-232',32536,3458),(214350,'2006-02-12','1956-632',32847,1695),(214351,'2006-02-13','4194-333',33240,3436),(214352,'2006-02-13','1741-031',31873,4112),(214353,'2006-02-14','2872-334',34191,3943),(214354,'2006-02-14','3524-135',35394,3700),(214355,'2006-02-14','466-234',34260,1301),(214356,'2006-02-15','3351-635',35384,2754),(214357,'2006-02-15','29-231',31606,1364),(214358,'2006-02-16','275-332',32412,3609),(214359,'2006-02-16','2073-530',30365,2754),(214360,'2006-02-16','1303-130',30947,2318),(214361,'2006-02-17','3418-335',35452,3692),(214362,'2006-02-17','3259-630',30850,4029),(214363,'2006-02-17',NULL,33922,4112),(214364,'2006-02-17','710-131',31383,3692),(214365,'2006-02-18','3078-130',30675,2318),(214366,'2006-02-18','3946-132',32946,4058),(214367,'2006-02-19','3931-034',34165,4082),(214368,'2006-02-19','3409-632',32513,3609),(214369,'2006-02-21','1765-530',30339,1301),(214370,'2006-02-21','3620-134',34936,4012),(214371,'2006-02-21','1754-333',33924,3370),(214372,'2006-02-21','2351-531',31029,2318),(214373,'2006-02-22','1910-634',34965,2754),(214374,'2006-02-22','514-130',30519,2318),(214375,'2006-02-22','3677-334',34899,1528),(214376,'2006-02-22','11-435',35157,4012),(214377,'2006-02-22','442-334',34110,2240),(214378,'2006-02-22','3066-030',30271,4029),(214379,'2006-02-23','1440-232',32193,4029),(214380,'2006-02-23','4167-033',33398,4029),(214381,'2006-02-23','545-432',32907,2240),(214382,'2006-02-24','2097-031',31190,2318),(214383,'2006-02-25','1194-634',34606,1301),(214384,'2006-02-25','252-430',30448,3609),(214385,'2006-02-25','1235-331',31549,2754),(214386,'2006-02-25','3365-134',34180,1301),(214387,'2006-02-25','2123-431',31315,1528),(214388,'2006-02-26','2187-234',34439,3943),(214389,'2006-02-26','1237-534',34447,4058),(214390,'2006-02-26','868-530',30174,2240),(214391,'2006-02-27','1182-130',30846,1301),(214392,'2006-02-27','1181-531',31022,4012),(214393,'2006-02-28','2471-633',33795,4082),(214394,'2006-02-28',NULL,34473,4029),(214395,'2006-03-01','3169-432',32805,4012),(214396,'2006-03-01','46-230',30670,2754),(214397,'2006-03-05','3846-433',33826,1528),(214398,'2006-03-05','4157-134',34386,3436),(214399,'2006-03-06','1222-530',30488,4029),(214400,'2006-03-06','1871-331',31451,3943),(214401,'2006-03-08','2169-032',32817,1364),(214402,'2006-03-08','2189-432',32513,3436),(214403,'2006-03-09','1103-535',35004,3458),(214404,'2006-03-10','1480-031',31591,2754),(214405,'2006-03-10','914-132',32470,1301),(214406,'2006-03-11','1348-635',35205,4112),(214407,'2006-03-11','1932-331',31882,3700),(214408,'2006-03-12','1195-331',31761,2240),(214409,'2006-03-12','188-335',35016,3700),(214410,'2006-03-12','592-333',33939,4058),(214411,'2006-03-14','1221-530',30403,4082),(214412,'2006-03-14','3696-333',33166,2240),(214413,'2006-03-14','409-330',30846,3436),(214414,'2006-03-15','2156-532',32112,3436),(214415,'2006-03-15','171-030',30996,2318),(214416,'2006-03-15','1760-034',34643,1528),(214417,'2006-03-15','2978-630',30596,4082),(214418,'2006-03-15','1078-330',30174,2754),(214419,'2006-03-15','2433-532',32647,2318),(214420,'2006-03-16','477-031',31838,4058),(214421,'2006-03-16','498-630',30771,1301),(214422,'2006-03-17','32-434',34550,2754),(214423,'2006-03-17','157-631',31159,4058),(214424,'2006-03-17','499-332',32929,1364),(214425,'2006-03-18','3899-232',32957,4029),(214426,'2006-03-18','3588-132',32089,1695),(214427,'2006-03-18','765-534',34513,1528),(214428,'2006-03-19','4196-331',31618,1364),(214429,'2006-03-19','4179-031',31002,3943),(214430,'2006-03-19',NULL,30802,4058),(214431,'2006-03-20','288-033',33305,3943),(214432,'2006-03-20','2634-432',32164,2240),(214433,'2006-03-20','3406-232',32539,3370),(214434,'2006-03-21','1562-031',31598,1695),(214435,'2006-03-21','4112-131',31389,2754),(214436,'2006-03-21','4101-333',33533,4082),(214437,'2006-03-21','1931-634',34185,3943),(214438,'2006-03-22','324-233',33433,2754),(214439,'2006-03-22','1889-432',32308,3436),(214440,'2006-03-23','980-334',34061,3609),(214441,'2006-03-23','4075-530',30330,2754),(214442,'2006-03-24','404-532',32358,1364),(214443,'2006-03-24','2226-034',34753,4112),(214444,'2006-03-25','2719-134',34255,3370),(214445,'2006-03-25','425-334',34274,4082),(214446,'2006-03-25','1035-031',31238,3700),(214447,'2006-03-26','1347-133',33223,3943),(214448,'2006-03-26','3972-131',31700,1301),(214449,'2006-03-26','4177-432',32631,2318),(214450,'2006-03-26','306-230',30370,3692),(214451,'2006-03-27','4009-432',32631,2754),(214452,'2006-03-27','1085-031',31659,2754),(214453,'2006-03-27','780-630',30953,4029),(214454,'2006-03-27','2388-534',34801,4082),(214455,'2006-03-27','2581-334',34299,3943),(214456,'2006-03-28','445-433',33085,4082),(214457,'2006-03-28','2945-533',33776,2754),(214458,'2006-03-28','70-431',31873,4058),(214459,'2006-03-29','1464-232',32851,3436),(214460,'2006-03-29',NULL,30139,2754),(214461,'2006-03-29','992-632',32810,3458),(214462,'2006-03-30','3856-630',30667,2240),(214463,'2006-03-31','197-034',34697,4112),(214464,'2006-04-01','3831-532',32903,3943),(214465,'2006-04-01','3526-130',30712,2240),(214466,'2006-04-02','939-534',34619,4112),(214467,'2006-04-03','2293-234',34962,3700),(214468,'2006-04-03','2320-531',31843,3943),(214469,'2006-04-04','2283-035',35389,3609),(214470,'2006-04-05','2119-235',35283,3458),(214471,'2006-04-05','2056-035',35018,4082),(214472,'2006-04-06','3630-534',34000,3700),(214473,'2006-04-06','2986-430',30458,2754),(214474,'2006-04-06','1461-230',30810,2754),(214475,'2006-04-09','1163-631',31086,1364),(214476,'2006-04-09','1381-530',30613,2240),(214477,'2006-04-09','117-530',30291,3609),(214478,'2006-04-09','2419-230',30735,3436),(214479,'2006-04-09','2610-434',34176,3609),(214480,'2006-04-10','2307-030',30125,4082),(214481,'2006-04-10','1829-631',31978,3943),(214482,'2006-04-10','1202-234',34011,2240),(214483,'2006-04-10','1097-235',35011,3692),(214484,'2006-04-10','2742-430',30741,3700),(214485,'2006-04-11','3093-033',33464,3458),(214486,'2006-04-11','3856-633',33599,1528),(214487,'2006-04-11','3241-433',33352,4058),(214488,'2006-04-12','3192-434',34972,4082),(214489,'2006-04-12','866-532',32205,1301),(214490,'2006-04-13','2847-331',31672,2754),(214491,'2006-04-13','2279-232',32863,3370),(214492,'2006-04-13','921-634',34478,3943),(214493,'2006-04-13','1957-232',32623,4058),(214494,'2006-04-14',NULL,32187,2240),(214495,'2006-04-14','1901-635',35169,4112),(214496,'2006-04-15','3446-633',33544,3692),(214497,'2006-04-15','800-634',34973,3943),(214498,'2006-04-15','2322-135',35319,3436),(214499,'2006-04-15','3478-431',31194,1364),(214500,'2006-04-16','2276-532',32354,1301),(214501,'2006-04-16','2280-034',34363,3436),(214502,'2006-04-16','3981-631',31920,1301),(214503,'2006-04-17','1198-134',34745,3943),(214504,'2006-04-17','1246-533',33039,2240),(214505,'2006-04-17','153-233',33846,1528),(214506,'2006-04-18','1988-334',34252,2318),(214507,'2006-04-18',NULL,32086,4082),(214508,'2006-04-18','7-533',33407,1364),(214509,'2006-04-18','2392-234',34669,4112);



CREATE TABLE "orderlines" (
  "OrderID" int NOT NULL,
  "LineItem" int NOT NULL,
  "InventoryID" int NOT NULL,
  "Quantity" int NOT NULL,
  "Price" real DEFAULT NULL,
  "Discount" real DEFAULT NULL,
  PRIMARY KEY ("OrderID","LineItem"),
  CONSTRAINT "fk_Orderlines_Inventory" FOREIGN KEY ("InventoryID") REFERENCES "inventory" ("InventoryID") ON DELETE CASCADE,
  CONSTRAINT "fk_Orderlines_Orders" FOREIGN KEY ("OrderID") REFERENCES "orders" ("OrderID") ON DELETE CASCADE
);
INSERT INTO "orderlines" VALUES (214010,1,236,18,6.90,0.0500),(214010,2,119,17,13.30,0.1000),(214010,3,188,17,3.90,0.0000),(214010,4,122,14,6.20,0.1500),(214010,5,131,17,10.90,0.0500),(214011,1,455,19,5.30,0.0500),(214011,2,398,8,7.90,0.0000),(214011,3,392,15,7.00,0.1500),(214011,4,260,2,7.10,0.0000),(214011,5,458,10,14.70,0.1500),(214012,1,407,17,4.50,0.0000),(214012,2,362,5,8.40,0.0000),(214012,3,452,14,5.30,0.1500),(214012,4,359,12,8.10,0.1500),(214012,5,299,2,11.90,0.0000),(214013,1,410,10,5.30,0.1500),(214013,2,317,17,8.10,0.0500),(214013,3,452,14,4.50,0.1500),(214013,4,212,19,7.20,0.0500),(214013,5,170,5,12.90,0.0000),(214013,6,299,5,11.90,0.0000),(214014,1,302,6,44.50,0.1000),(214014,2,212,15,7.20,0.1500),(214014,3,101,10,3.90,0.1500),(214014,4,167,19,7.80,0.0500),(214015,1,386,5,7.60,0.0000),(214015,2,332,15,10.40,0.1500),(214015,3,431,9,6.00,0.0000),(214015,4,215,1,7.40,0.0000),(214015,5,419,1,5.80,0.0000),(214015,6,374,4,8.40,0.0000),(214016,1,254,5,8.80,0.0000),(214016,2,452,1,5.30,0.0000),(214016,3,290,1,8.00,0.0000),(214016,4,251,6,3.80,0.0000),(214016,5,305,6,15.20,0.0000),(214017,1,395,17,5.20,0.0000),(214017,2,158,15,6.90,0.1500),(214017,3,251,11,3.80,0.1500),(214018,1,353,5,13.70,0.0000),(214018,2,311,17,8.90,0.0500),(214018,3,344,5,7.00,0.0000),(214018,4,239,10,15.30,0.1500),(214019,1,113,9,8.80,0.0000),(214019,2,440,8,5.90,0.0000),(214019,3,344,4,7.00,0.0000),(214019,4,221,3,5.30,0.0000),(214020,1,422,18,5.30,0.0000),(214020,2,449,18,7.60,0.0500),(214020,3,377,10,9.90,0.1500),(214020,4,398,11,5.90,0.1500),(214020,5,266,11,18.00,0.1500),(214021,1,407,12,5.30,0.1500),(214021,2,209,18,8.30,0.0500),(214022,1,353,5,6.00,0.0000),(214022,2,398,1,7.90,0.0000),(214022,3,206,9,12.20,0.0500),(214022,4,320,12,6.70,0.1500),(214023,1,359,17,8.10,0.0500),(214023,2,404,12,7.80,0.1500),(214023,3,194,13,6.50,0.1500),(214023,4,299,4,11.90,0.0000),(214024,1,191,9,11.70,0.0500),(214024,2,458,8,14.70,0.0500),(214025,1,353,18,13.70,0.1000),(214025,2,254,8,8.80,0.0000),(214025,3,185,5,4.30,0.0000),(214025,4,131,20,10.90,0.2000),(214026,1,440,7,7.70,0.0000),(214026,2,371,7,9.10,0.0000),(214026,3,350,14,13.10,0.1500),(214026,4,317,3,7.20,0.0000),(214027,1,353,13,6.00,0.1500),(214027,2,272,15,8.00,0.1500),(214027,3,212,11,7.20,0.1500),(214027,4,128,17,8.20,0.0500),(214027,5,170,19,12.90,0.1000),(214028,1,107,7,9.50,0.0000),(214028,2,470,13,15.50,0.1500),(214028,3,335,16,7.40,0.0500),(214028,4,374,10,8.40,0.1500),(214029,1,395,12,5.20,0.1500),(214029,2,389,2,5.60,0.0000),(214029,3,434,4,5.30,0.0000),(214029,4,245,8,5.80,0.0000),(214030,1,332,14,10.40,0.1500),(214030,2,425,7,7.90,0.0000),(214030,3,458,5,14.70,0.0000),(214030,4,326,19,4.70,0.0000),(214030,5,128,5,8.20,0.0000),(214031,1,431,4,7.90,0.0000),(214031,2,440,11,5.90,0.1500),(214031,3,176,6,11.50,0.0000),(214031,4,317,15,7.20,0.1500),(214031,5,101,7,3.90,0.0000),(214031,6,386,7,5.60,0.0000),(214032,1,380,7,9.30,0.0000),(214032,2,176,13,11.50,0.1500),(214032,3,236,14,6.90,0.1500),(214032,4,221,2,5.30,0.0000),(214033,1,455,2,5.30,0.0000),(214033,2,188,8,3.90,0.0000),(214033,3,260,13,7.10,0.1500),(214033,4,392,4,5.70,0.0000),(214033,5,194,11,6.50,0.1500),(214033,6,182,11,7.40,0.1500),(214034,1,353,3,6.00,0.0000),(214034,2,269,11,8.40,0.1500),(214034,3,398,20,7.90,0.2000),(214034,4,386,8,5.60,0.0000),(214035,1,332,20,10.40,0.2000),(214035,2,188,8,3.90,0.0000),(214035,3,260,17,7.10,0.0500),(214035,4,419,20,5.80,0.2000),(214035,5,416,2,6.40,0.0000),(214036,1,449,20,7.60,0.2000),(214036,2,353,2,13.70,0.0000),(214036,3,419,9,5.80,0.0000),(214036,4,317,7,7.20,0.0000),(214036,5,197,1,19.00,0.0000),(214037,1,449,20,7.60,0.2000),(214037,2,401,7,4.50,0.0000),(214037,3,164,13,22.00,0.1500),(214038,1,227,16,6.30,0.0500),(214038,2,185,12,4.30,0.1500),(214038,3,191,7,11.70,0.0000),(214038,4,359,1,12.90,0.0000),(214038,5,281,10,7.70,0.1500),(214039,1,227,12,6.30,0.1500),(214039,2,398,18,5.90,0.0500),(214039,3,209,5,8.30,0.0000),(214039,4,455,6,5.20,0.0000),(214039,5,365,20,7.50,0.2000),(214039,6,203,10,22.70,0.1500),(214040,1,116,14,8.10,0.1500),(214040,2,386,10,7.60,0.1500),(214040,3,269,9,8.40,0.0000),(214040,4,389,19,5.60,0.0500),(214040,5,323,15,10.80,0.1500),(214041,1,203,1,22.70,0.0000),(214041,2,413,12,7.60,0.1500),(214042,1,350,17,13.10,0.1000),(214042,2,251,4,3.80,0.0000),(214042,3,386,2,5.60,0.0000),(214042,4,230,1,7.00,0.0000),(214043,1,332,18,10.40,0.0500),(214043,2,425,3,7.90,0.0000),(214043,3,452,7,5.30,0.0000),(214043,4,356,11,12.90,0.1500),(214043,5,110,12,5.60,0.1500),(214044,1,401,20,4.50,0.2000),(214044,2,431,3,6.00,0.0000),(214044,3,209,19,8.30,0.0500),(214044,4,305,16,15.20,0.1000),(214044,5,437,13,5.30,0.1500),(214045,1,467,20,13.90,0.2000),(214045,2,119,4,13.30,0.0000),(214045,3,386,10,5.60,0.1500),(214045,4,356,11,12.90,0.1500),(214045,5,167,7,7.80,0.0000),(214045,6,281,17,7.70,0.0500),(214046,1,224,5,7.40,0.0000),(214046,2,338,3,8.20,0.0000),(214046,3,155,11,7.40,0.1500),(214047,1,320,3,6.70,0.0000),(214047,2,263,13,6.70,0.1500),(214047,3,287,19,9.90,0.0500),(214048,1,377,17,9.90,0.0500),(214048,2,449,11,5.60,0.1500),(214048,3,428,12,7.00,0.1500),(214048,4,158,13,6.90,0.1500),(214048,5,299,16,11.90,0.0500),(214048,6,173,12,11.60,0.1500),(214049,1,200,4,8.30,0.0000),(214049,2,104,13,7.40,0.1500),(214049,3,164,6,22.00,0.0500),(214049,4,374,18,8.40,0.0500),(214049,5,437,19,5.30,0.0500),(214050,1,278,3,8.00,0.0000),(214050,2,206,17,12.20,0.1000),(214050,3,452,9,5.30,0.0000),(214050,4,422,16,4.50,0.0000),(214051,1,224,6,7.40,0.0000),(214051,2,236,9,6.90,0.0000),(214051,3,143,6,9.90,0.0000),(214051,4,152,3,8.90,0.0000),(214052,1,449,17,7.60,0.0500),(214052,2,464,18,12.30,0.1000),(214052,3,398,20,7.90,0.2000),(214052,4,299,3,11.90,0.0000),(214053,1,113,11,8.80,0.1500),(214053,2,314,2,6.40,0.0000),(214053,3,278,12,8.00,0.1500),(214053,4,266,6,18.00,0.0500),(214053,5,287,3,9.90,0.0000),(214053,6,179,1,12.80,0.0000),(214054,1,443,16,6.60,0.0500),(214054,2,431,5,6.00,0.0000),(214054,3,146,14,9.10,0.1500),(214054,4,221,19,5.30,0.0500),(214054,5,251,20,3.80,0.2000),(214055,1,446,17,5.60,0.0000),(214055,2,419,15,6.40,0.1500),(214055,3,344,3,3.80,0.0000),(214055,4,167,10,7.80,0.1500),(214055,5,110,5,5.60,0.0000),(214056,1,443,17,6.60,0.0500),(214056,2,470,7,15.50,0.0500),(214056,3,377,6,9.90,0.0000),(214057,1,422,10,5.30,0.1500),(214057,2,221,9,5.30,0.0000),(214057,3,356,12,12.90,0.1500),(214058,1,443,11,4.50,0.1500),(214058,2,416,3,5.60,0.0000),(214058,3,170,3,12.90,0.0000),(214058,4,281,8,7.70,0.0000),(214059,1,470,18,15.50,0.1000),(214059,2,464,9,6.80,0.0000),(214059,3,437,19,4.50,0.0000),(214059,4,440,20,5.90,0.2000),(214059,5,359,9,12.90,0.0500),(214059,6,461,9,16.10,0.0500),(214060,1,353,8,6.00,0.0000),(214060,2,344,18,3.80,0.0000),(214061,1,278,2,8.00,0.0000),(214061,2,392,7,7.00,0.0000),(214061,3,422,1,4.50,0.0000),(214061,4,188,19,3.90,0.0000),(214062,1,116,6,8.10,0.0000),(214062,2,377,7,9.90,0.0000),(214062,3,290,12,8.00,0.1500),(214063,1,407,2,5.30,0.0000),(214063,2,185,13,4.30,0.1500),(214063,3,236,17,6.90,0.0500),(214063,4,287,17,9.90,0.0500),(214063,5,437,15,5.30,0.1500),(214064,1,275,10,8.00,0.1500),(214064,2,383,16,5.50,0.0000),(214064,3,164,5,22.00,0.0500),(214064,4,263,14,6.70,0.1500),(214064,5,299,10,11.90,0.1500),(214065,1,434,17,4.50,0.0000),(214065,2,245,11,5.80,0.1500),(214065,3,425,4,5.90,0.0000),(214065,4,263,4,6.70,0.0000),(214065,5,272,20,8.00,0.2000),(214066,1,113,8,8.80,0.0000),(214066,2,254,3,8.80,0.0000),(214066,3,314,8,6.40,0.0000),(214066,4,416,1,5.60,0.0000),(214066,5,356,1,12.90,0.0000),(214067,1,401,16,5.30,0.0000),(214067,2,209,13,8.30,0.1500),(214067,3,416,4,5.60,0.0000),(214067,4,458,17,14.70,0.1000),(214068,1,443,6,6.60,0.0000),(214068,2,392,16,7.00,0.0500),(214068,3,335,1,7.40,0.0000),(214068,4,290,12,8.00,0.1500),(214069,1,344,13,3.80,0.1500),(214069,2,272,8,8.00,0.0000),(214069,3,386,15,5.60,0.1500),(214069,4,299,18,11.90,0.1000),(214070,1,362,6,8.40,0.0000),(214070,2,263,12,6.70,0.1500),(214070,3,461,12,16.10,0.1500),(214070,4,284,14,9.60,0.1500),(214071,1,314,12,6.40,0.1500),(214071,2,353,9,6.00,0.0000),(214071,3,377,20,9.90,0.2000),(214071,4,431,16,7.90,0.0500),(214071,5,140,13,7.50,0.1500),(214071,6,437,3,5.30,0.0000),(214072,1,431,16,7.90,0.0500),(214072,2,185,2,4.30,0.0000),(214072,3,419,9,5.80,0.0000),(214072,4,290,8,8.00,0.0000),(214072,5,152,11,8.90,0.1500),(214073,1,407,20,5.30,0.2000),(214073,2,464,2,6.80,0.0000),(214073,3,326,17,4.70,0.0000),(214073,4,167,18,7.80,0.0500),(214074,1,434,5,4.50,0.0000),(214074,2,176,8,11.50,0.0000),(214074,3,434,9,5.30,0.0000),(214074,4,296,16,8.80,0.0500),(214075,1,395,17,5.30,0.0000),(214075,2,101,4,5.50,0.0000),(214075,3,290,10,8.00,0.1500),(214075,4,230,13,7.00,0.1500),(214075,5,404,16,5.80,0.0000),(214076,1,137,13,19.80,0.1500),(214076,2,257,7,10.90,0.0000),(214076,3,422,6,4.50,0.0000),(214076,4,212,20,7.20,0.2000),(214077,1,437,14,4.50,0.1500),(214077,2,227,11,6.30,0.1500),(214077,3,146,5,9.10,0.0000),(214077,4,383,15,5.50,0.1500),(214077,5,428,11,7.00,0.1500),(214077,6,452,3,4.50,0.0000),(214078,1,464,2,6.80,0.0000),(214078,2,419,20,6.40,0.2000),(214078,3,314,18,6.40,0.0500),(214078,4,239,2,15.30,0.0000),(214078,5,260,3,7.10,0.0000),(214079,1,395,2,5.20,0.0000),(214079,2,146,2,9.10,0.0000),(214079,3,221,11,5.30,0.1500),(214080,1,365,12,7.50,0.1500),(214080,2,164,5,22.00,0.0500),(214080,3,263,16,6.70,0.0500),(214080,4,233,8,7.10,0.0000),(214081,1,377,18,9.90,0.0500),(214081,2,140,5,7.50,0.0000),(214081,3,332,17,10.40,0.0500),(214081,4,146,17,9.10,0.0500),(214081,5,383,11,7.20,0.1500),(214081,6,284,11,9.60,0.1500),(214082,1,440,6,5.90,0.0000),(214082,2,263,17,6.70,0.0500),(214082,3,416,17,6.40,0.0500),(214082,4,461,6,16.10,0.0000),(214082,5,182,19,7.40,0.0500),(214083,1,134,18,10.30,0.0500),(214083,2,464,1,6.80,0.0000),(214083,3,383,18,7.20,0.0500),(214083,4,284,19,9.60,0.0500),(214084,1,449,19,7.60,0.0500),(214084,2,464,12,12.30,0.1500),(214084,3,332,6,10.40,0.0000),(214084,4,182,7,7.40,0.0000),(214085,1,278,15,8.00,0.1500),(214085,2,125,14,7.00,0.1500),(214085,3,344,2,7.00,0.0000),(214085,4,419,20,5.80,0.2000),(214085,5,323,13,10.80,0.1500),(214086,1,254,13,8.80,0.1500),(214086,2,431,5,7.90,0.0000),(214086,3,293,8,8.60,0.0000),(214086,4,110,2,5.60,0.0000),(214087,1,470,10,15.50,0.1500),(214087,2,380,1,9.30,0.0000),(214087,3,344,3,7.00,0.0000),(214087,4,257,9,10.90,0.0000),(214088,1,410,6,4.50,0.0000),(214088,2,137,11,19.80,0.1500),(214088,3,257,7,10.90,0.0000),(214088,4,437,18,5.30,0.0000),(214088,5,182,12,7.40,0.1500),(214089,1,125,2,7.00,0.0000),(214089,2,335,19,7.40,0.0500),(214089,3,239,7,15.30,0.0500),(214089,4,143,17,9.90,0.0500),(214089,5,308,14,10.20,0.1500),(214090,1,101,3,5.50,0.0000),(214090,2,236,19,6.90,0.0500),(214090,3,422,6,4.50,0.0000),(214090,4,284,8,9.60,0.0000),(214091,1,203,7,22.70,0.0500),(214091,2,452,17,5.30,0.0000),(214092,1,419,18,6.40,0.0500),(214092,2,404,11,5.80,0.1500),(214093,1,401,2,4.50,0.0000),(214093,2,119,16,13.30,0.1000),(214093,3,251,10,3.80,0.1500),(214093,4,170,5,12.90,0.0000),(214094,1,335,10,7.40,0.1500),(214094,2,446,6,5.60,0.0000),(214094,3,146,20,9.10,0.2000),(214094,4,365,1,7.50,0.0000),(214094,5,188,9,3.90,0.0000),(214095,1,407,16,4.50,0.0000),(214095,2,467,8,13.90,0.0500),(214095,3,245,19,5.80,0.0500),(214095,4,374,12,8.40,0.1500),(214095,5,392,3,5.70,0.0000),(214096,1,431,2,7.90,0.0000),(214096,2,119,9,13.30,0.0500),(214096,3,386,9,5.60,0.0000),(214097,1,470,4,15.50,0.0000),(214097,2,278,3,8.00,0.0000),(214097,3,392,3,7.00,0.0000),(214097,4,374,9,8.40,0.0000),(214097,5,305,16,15.20,0.1000),(214097,6,155,18,7.40,0.0500),(214098,1,422,8,5.30,0.0000),(214098,2,338,8,8.20,0.0000),(214098,3,440,13,5.90,0.1500),(214098,4,101,6,5.50,0.0000),(214099,1,449,12,5.60,0.1500),(214099,2,434,6,4.50,0.0000),(214099,3,203,2,22.70,0.0000),(214099,4,308,2,10.20,0.0000),(214099,5,182,14,7.40,0.1500),(214100,1,395,16,5.20,0.0000),(214100,2,185,12,4.30,0.1500),(214100,3,452,9,4.50,0.0000),(214100,4,287,1,9.90,0.0000),(214101,1,464,14,6.80,0.1500),(214101,2,314,7,6.40,0.0000),(214101,3,359,19,12.90,0.1000),(214101,4,230,16,7.00,0.0500),(214101,5,428,15,3.80,0.1500),(214102,1,422,7,5.30,0.0000),(214102,2,146,3,13.10,0.0000),(214102,3,266,8,18.00,0.0500),(214102,4,419,6,5.80,0.0000),(214102,5,356,20,12.90,0.2000),(214102,6,194,1,6.50,0.0000),(214103,1,449,19,7.60,0.0500),(214103,2,431,13,6.00,0.1500),(214103,3,131,7,10.90,0.0000),(214103,4,461,1,16.10,0.0000),(214103,5,155,13,7.40,0.1500),(214104,1,464,17,12.30,0.1000),(214104,2,185,17,5.30,0.0000),(214104,3,197,17,19.00,0.1500),(214104,4,299,4,11.90,0.0000),(214105,1,140,9,7.50,0.0000),(214105,2,104,7,7.40,0.0000),(214105,3,236,7,6.90,0.0000),(214105,4,317,2,7.20,0.0000),(214105,5,416,20,6.40,0.2000),(214105,6,194,4,6.50,0.0000),(214106,1,269,11,8.40,0.1500),(214106,2,401,7,5.30,0.0000),(214106,3,389,4,5.60,0.0000),(214107,1,134,16,10.30,0.0500),(214107,2,347,11,8.60,0.1500),(214107,3,302,4,44.50,0.0500),(214107,4,323,11,10.80,0.1500),(214108,1,353,13,13.70,0.1500),(214108,2,401,10,5.30,0.1500),(214108,3,455,19,5.20,0.0000),(214108,4,320,17,6.70,0.0500),(214108,5,461,10,16.10,0.1500),(214108,6,281,2,7.70,0.0000),(214109,1,353,15,6.00,0.1500),(214109,2,221,1,5.30,0.0000),(214109,3,386,6,5.60,0.0000),(214110,1,440,6,7.70,0.0000),(214110,2,140,12,7.50,0.1500),(214110,3,164,17,22.00,0.1500),(214111,1,407,5,5.30,0.0000),(214111,2,164,12,22.00,0.1500),(214111,3,182,6,7.40,0.0000),(214111,4,428,16,3.80,0.0000),(214111,5,284,16,9.60,0.0500),(214112,1,116,10,8.10,0.1500),(214112,2,185,18,4.30,0.0000),(214112,3,137,9,19.80,0.0500),(214112,4,239,3,15.30,0.0000),(214112,5,152,2,8.90,0.0000),(214113,1,275,17,8.00,0.0500),(214113,2,362,5,8.40,0.0000),(214113,3,458,18,14.70,0.1000),(214114,1,332,20,10.40,0.2000),(214114,2,413,18,5.60,0.0500),(214114,3,446,5,5.60,0.0000),(214114,4,104,9,7.40,0.0000),(214114,5,374,7,8.40,0.0000),(214115,1,458,11,8.00,0.1500),(214115,2,356,7,12.90,0.0000),(214115,3,392,14,5.70,0.1500),(214115,4,194,17,6.50,0.0500),(214116,1,443,16,6.60,0.0500),(214116,2,302,7,44.50,0.1500),(214116,3,359,16,8.10,0.0500),(214116,4,179,15,12.80,0.1500),(214116,5,428,18,3.80,0.0000),(214117,1,419,4,5.80,0.0000),(214117,2,413,2,7.60,0.0000),(214117,3,167,5,7.80,0.0000),(214117,4,296,10,8.80,0.1500),(214118,1,368,16,9.50,0.0500),(214118,2,206,13,12.20,0.1500),(214118,3,236,11,6.90,0.1500),(214118,4,305,8,15.20,0.0500),(214119,1,101,7,5.50,0.0000),(214119,2,425,7,7.90,0.0000),(214119,3,221,19,5.30,0.0500),(214119,4,170,3,12.90,0.0000),(214119,5,233,15,7.10,0.1500),(214120,1,368,18,9.50,0.0500),(214120,2,314,15,6.40,0.1500),(214120,3,260,2,7.10,0.0000),(214120,4,404,13,7.80,0.1500),(214121,1,146,14,13.10,0.1500),(214121,2,146,13,9.10,0.1500),(214121,3,428,14,7.00,0.1500),(214121,4,317,13,8.10,0.1500),(214121,5,392,20,5.70,0.2000),(214122,1,269,12,8.40,0.1500),(214122,2,464,5,12.30,0.0000),(214122,3,434,1,4.50,0.0000),(214122,4,257,18,10.90,0.0500),(214123,1,116,10,8.10,0.1500),(214123,2,422,15,4.50,0.1500),(214123,3,404,3,7.80,0.0000),(214123,4,182,12,7.40,0.1500),(214124,1,470,2,15.50,0.0000),(214124,2,368,19,9.50,0.0500),(214124,3,125,11,7.00,0.1500),(214124,4,215,19,7.40,0.0500),(214124,5,305,4,15.20,0.0000),(214125,1,470,4,15.50,0.0000),(214125,2,368,18,9.50,0.0500),(214125,3,191,3,11.70,0.0000),(214125,4,386,11,5.60,0.1500),(214125,5,161,14,5.60,0.1500),(214126,1,107,5,9.50,0.0000),(214126,2,164,18,22.00,0.1500),(214126,3,161,3,5.60,0.0000),(214127,1,449,8,7.60,0.0000),(214127,2,431,14,6.00,0.1500),(214127,3,374,2,8.40,0.0000),(214127,4,428,15,3.80,0.1500),(214128,1,470,17,15.50,0.1000),(214128,2,386,4,7.60,0.0000),(214128,3,359,12,8.10,0.1500),(214128,4,281,2,7.70,0.0000),(214129,1,449,12,7.60,0.1500),(214129,2,104,17,7.40,0.0500),(214129,3,344,5,3.80,0.0000),(214129,4,239,9,15.30,0.0500),(214129,5,266,2,18.00,0.0000),(214130,1,113,3,8.80,0.0000),(214130,2,449,18,5.60,0.0500),(214130,3,350,8,13.10,0.0500),(214130,4,452,6,4.50,0.0000),(214130,5,110,11,5.60,0.1500),(214131,1,113,12,8.80,0.1500),(214131,2,332,20,10.40,0.2000),(214131,3,431,9,6.00,0.0000),(214131,4,365,6,7.50,0.0000),(214131,5,416,11,5.60,0.1500),(214131,6,356,13,12.90,0.1500),(214132,1,116,2,8.10,0.0000),(214132,2,386,7,7.60,0.0000),(214132,3,146,17,9.10,0.0500),(214132,4,350,3,13.10,0.0000),(214132,5,236,2,6.90,0.0000),(214132,6,287,7,9.90,0.0000),(214133,1,338,17,8.20,0.0500),(214133,2,206,20,12.20,0.2000),(214133,3,410,8,4.50,0.0000),(214133,4,230,19,7.00,0.0500),(214134,1,314,12,6.40,0.1500),(214134,2,302,11,44.50,0.1500),(214134,3,425,17,5.90,0.0500),(214134,4,461,11,16.10,0.1500),(214135,1,245,2,5.80,0.0000),(214135,2,452,9,5.30,0.0000),(214135,3,263,11,6.70,0.1500),(214136,1,347,19,8.60,0.0500),(214136,2,368,16,9.50,0.0500),(214136,3,431,16,6.00,0.0000),(214136,4,365,14,7.50,0.1500),(214136,5,290,3,8.00,0.0000),(214136,6,416,12,6.40,0.1500),(214136,7,323,20,10.80,0.2000),(214137,1,407,16,5.30,0.0000),(214137,2,449,1,5.60,0.0000),(214137,3,395,3,5.30,0.0000),(214137,4,344,13,7.00,0.1500),(214137,5,197,3,19.00,0.0000),(214138,1,224,20,7.40,0.2000),(214138,2,335,6,7.40,0.0000),(214138,3,131,1,10.90,0.0000),(214139,1,455,1,5.20,0.0000),(214139,2,350,4,13.10,0.0000),(214139,3,182,13,7.40,0.1500),(214140,1,440,16,7.70,0.0500),(214140,2,380,17,9.30,0.0500),(214140,3,170,14,12.90,0.1500),(214140,4,461,12,16.10,0.1500),(214140,5,296,2,8.80,0.0000),(214141,1,443,13,6.60,0.1500),(214141,2,398,17,7.90,0.0500),(214141,3,197,8,19.00,0.0500),(214141,4,251,1,3.80,0.0000),(214141,5,458,12,8.00,0.1500),(214142,1,395,13,5.20,0.1500),(214142,2,467,16,13.90,0.1000),(214142,3,143,18,9.90,0.0500),(214142,4,296,12,8.80,0.1500),(214142,5,428,5,3.80,0.0000),(214143,1,314,6,6.40,0.0000),(214143,2,206,19,12.20,0.1000),(214143,3,467,11,13.90,0.1500),(214143,4,308,16,10.20,0.0500),(214144,1,146,19,9.10,0.0500),(214144,2,455,15,5.20,0.1500),(214144,3,203,4,22.70,0.0000),(214144,4,161,17,5.60,0.0000),(214144,5,299,14,11.90,0.1500),(214145,1,125,3,7.00,0.0000),(214145,2,185,11,5.30,0.1500),(214145,3,395,7,5.30,0.0000),(214145,4,143,19,9.90,0.0500),(214145,5,101,15,3.90,0.1500),(214145,6,404,5,7.80,0.0000),(214146,1,278,5,8.00,0.0000),(214146,2,401,2,4.50,0.0000),(214146,3,359,11,12.90,0.1500),(214147,1,422,12,5.30,0.1500),(214147,2,455,20,5.30,0.2000),(214147,3,449,14,5.60,0.1500),(214147,4,344,15,3.80,0.1500),(214147,5,119,6,13.30,0.0000),(214147,6,305,18,15.20,0.1000),(214148,1,464,6,6.80,0.0000),(214148,2,410,6,5.30,0.0000),(214148,3,404,16,5.80,0.0000),(214148,4,128,9,8.20,0.0000),(214148,5,284,8,9.60,0.0000),(214149,1,125,4,7.00,0.0000),(214149,2,419,13,6.40,0.1500),(214149,3,386,7,5.60,0.0000),(214149,4,356,8,12.90,0.0500),(214150,1,437,20,4.50,0.2000),(214150,2,302,20,44.50,0.2000),(214150,3,365,20,7.50,0.2000),(214150,4,296,9,8.80,0.0000),(214151,1,224,20,7.40,0.2000),(214151,2,215,15,7.40,0.1500),(214151,3,380,10,9.30,0.1500),(214151,4,245,4,5.80,0.0000),(214151,5,152,2,8.90,0.0000),(214152,1,185,6,5.30,0.0000),(214152,2,374,19,8.40,0.0500),(214152,3,458,3,14.70,0.0000),(214152,4,158,5,6.90,0.0000),(214153,1,386,12,7.60,0.1500),(214153,2,383,3,7.20,0.0000),(214153,3,317,2,8.10,0.0000),(214153,4,158,1,6.90,0.0000),(214154,1,455,6,5.30,0.0000),(214154,2,392,16,7.00,0.0500),(214154,3,389,19,5.60,0.0500),(214154,4,335,5,7.40,0.0000),(214154,5,137,4,19.80,0.0000),(214154,6,152,2,8.90,0.0000),(214155,1,134,3,10.30,0.0000),(214155,2,347,1,8.60,0.0000),(214155,3,185,1,5.30,0.0000),(214155,4,245,11,5.80,0.1500),(214155,5,167,1,7.80,0.0000),(214156,1,335,11,7.40,0.1500),(214156,2,314,16,6.40,0.0500),(214156,3,257,7,10.90,0.0000),(214156,4,248,1,7.20,0.0000),(214157,1,362,15,8.40,0.1500),(214157,2,458,12,14.70,0.1500),(214157,3,230,4,7.00,0.0000),(214157,4,404,8,5.80,0.0000),(214158,1,449,20,7.60,0.2000),(214158,2,101,5,5.50,0.0000),(214158,3,170,12,12.90,0.1500),(214158,4,131,17,10.90,0.0500),(214159,1,401,17,4.50,0.0000),(214159,2,413,17,5.60,0.0000),(214159,3,314,13,6.40,0.1500),(214159,4,344,20,7.00,0.2000),(214160,1,311,4,8.90,0.0000),(214160,2,362,9,8.40,0.0000),(214160,3,431,1,7.90,0.0000),(214160,4,146,4,13.10,0.0000),(214160,5,221,5,5.30,0.0000),(214161,1,443,12,6.60,0.1500),(214161,2,431,4,6.00,0.0000),(214161,3,137,12,19.80,0.1500),(214161,4,356,20,12.90,0.2000),(214162,1,464,14,12.30,0.1500),(214162,2,455,19,5.20,0.0000),(214162,3,302,8,44.50,0.1500),(214162,4,128,3,8.20,0.0000),(214162,5,308,8,10.20,0.0000),(214163,1,347,4,8.60,0.0000),(214163,2,440,19,5.90,0.0500),(214163,3,380,17,9.30,0.0500),(214163,4,314,10,6.40,0.1500),(214164,1,407,20,5.30,0.2000),(214164,2,467,3,13.90,0.0000),(214164,3,119,8,13.30,0.0500),(214164,4,230,17,7.00,0.0500),(214164,5,179,2,12.80,0.0000),(214164,6,110,20,5.60,0.2000),(214165,1,389,14,5.60,0.1500),(214165,2,290,5,8.00,0.0000),(214165,3,452,17,4.50,0.0000),(214165,4,173,3,11.60,0.0000),(214165,5,281,8,7.70,0.0000),(214166,1,395,3,5.20,0.0000),(214166,2,398,6,7.90,0.0000),(214166,3,215,20,7.40,0.2000),(214166,4,410,11,4.50,0.1500),(214166,5,317,16,8.10,0.0500),(214166,6,404,2,7.80,0.0000),(214167,1,407,16,4.50,0.0000),(214167,2,191,15,11.70,0.1500),(214167,3,392,10,5.70,0.1500),(214168,1,113,15,8.80,0.1500),(214168,2,221,1,5.30,0.0000),(214168,3,284,13,9.60,0.1500),(214169,1,449,3,5.60,0.0000),(214169,2,410,2,4.50,0.0000),(214169,3,365,11,7.50,0.1500),(214169,4,305,20,15.20,0.2000),(214169,5,179,15,12.80,0.1500),(214170,1,407,19,5.30,0.0500),(214170,2,119,14,13.30,0.1500),(214170,3,152,2,8.90,0.0000),(214171,1,116,17,8.10,0.0500),(214171,2,200,13,8.30,0.1500),(214171,3,239,4,15.30,0.0000),(214171,4,290,12,8.00,0.1500),(214172,1,278,10,8.00,0.1500),(214172,2,239,13,15.30,0.1500),(214172,3,323,6,10.80,0.0000),(214173,1,113,18,8.80,0.0500),(214173,2,386,16,7.60,0.0500),(214173,3,293,7,8.60,0.0000),(214173,4,287,15,9.90,0.1500),(214173,5,182,13,7.40,0.1500),(214174,1,449,2,7.60,0.0000),(214174,2,425,6,7.90,0.0000),(214174,3,350,13,13.10,0.1500),(214174,4,422,16,4.50,0.0000),(214174,5,284,7,9.60,0.0000),(214175,1,353,15,13.70,0.1500),(214175,2,470,5,15.50,0.0000),(214175,3,434,6,4.50,0.0000),(214175,4,386,4,5.60,0.0000),(214175,5,161,19,5.60,0.0500),(214176,1,314,6,6.40,0.0000),(214176,2,401,2,4.50,0.0000),(214176,3,242,6,7.70,0.0000),(214176,4,203,17,22.70,0.1500),(214176,5,317,9,8.10,0.0000),(214176,6,263,14,6.70,0.1500),(214177,1,362,9,8.40,0.0000),(214177,2,383,3,5.50,0.0000),(214177,3,452,8,4.50,0.0000),(214177,4,179,20,12.80,0.2000),(214178,1,269,1,8.40,0.0000),(214178,2,380,15,9.30,0.1500),(214178,3,428,8,7.00,0.0000),(214178,4,374,14,8.40,0.1500),(214178,5,281,20,7.70,0.2000),(214179,1,221,4,5.30,0.0000),(214179,2,404,4,5.80,0.0000),(214179,3,170,2,12.90,0.0000),(214180,1,395,9,5.20,0.0000),(214180,2,434,17,5.30,0.0000),(214180,3,203,15,22.70,0.1500),(214180,4,164,2,22.00,0.0000),(214180,5,443,17,4.50,0.0000),(214181,1,113,15,8.80,0.1500),(214181,2,134,16,10.30,0.0500),(214181,3,119,1,13.30,0.0000),(214181,4,296,12,8.80,0.1500),(214182,1,422,15,5.30,0.1500),(214182,2,389,19,5.60,0.0500),(214182,3,350,3,13.10,0.0000),(214182,4,197,8,19.00,0.0500),(214183,1,134,12,10.30,0.1500),(214183,2,353,15,13.70,0.1500),(214183,3,443,6,6.60,0.0000),(214183,4,248,18,7.20,0.0500),(214184,1,419,10,6.40,0.1500),(214184,2,209,10,8.30,0.1500),(214184,3,137,5,19.80,0.0000),(214184,4,422,16,4.50,0.0000),(214184,5,404,20,5.80,0.2000),(214185,1,242,5,7.70,0.0000),(214185,2,182,17,7.40,0.0500),(214185,3,173,4,11.60,0.0000),(214186,1,269,13,8.40,0.1500),(214186,2,455,7,5.20,0.0000),(214186,3,308,13,10.20,0.1500),(214186,4,179,13,12.80,0.1500),(214186,5,299,2,11.90,0.0000),(214187,1,176,5,11.50,0.0000),(214187,2,455,6,5.20,0.0000),(214187,3,425,3,5.90,0.0000),(214187,4,260,13,7.10,0.1500),(214187,5,131,5,10.90,0.0000),(214188,1,386,3,7.60,0.0000),(214188,2,440,12,5.90,0.1500),(214188,3,455,16,5.20,0.0000),(214188,4,104,2,7.40,0.0000),(214188,5,350,7,13.10,0.0000),(214189,1,443,15,6.60,0.1500),(214189,2,407,7,4.50,0.0000),(214189,3,206,4,12.20,0.0000),(214189,4,221,11,5.30,0.1500),(214189,5,287,19,9.90,0.0500),(214189,6,233,4,7.10,0.0000),(214189,7,461,3,16.10,0.0000),(214190,1,440,15,7.70,0.1500),(214190,2,335,8,7.40,0.0000),(214190,3,434,7,5.30,0.0000),(214190,4,467,16,13.90,0.1000),(214191,1,359,3,8.10,0.0000),(214191,2,272,19,8.00,0.0500),(214191,3,170,7,12.90,0.0000),(214192,1,440,7,7.70,0.0000),(214192,2,269,10,8.40,0.1500),(214192,3,101,5,5.50,0.0000),(214192,4,359,19,8.10,0.0500),(214192,5,161,3,5.60,0.0000),(214193,1,113,6,8.80,0.0000),(214193,2,254,20,8.80,0.2000),(214193,3,344,19,3.80,0.0000),(214193,4,422,17,4.50,0.0000),(214193,5,428,20,3.80,0.2000),(214193,6,281,4,7.70,0.0000),(214194,1,425,2,7.90,0.0000),(214194,2,155,7,7.40,0.0000),(214195,1,107,10,9.50,0.1500),(214195,2,353,18,6.00,0.0500),(214195,3,467,14,13.90,0.1500),(214195,4,365,3,7.50,0.0000),(214195,5,383,15,7.20,0.1500),(214196,1,464,5,6.80,0.0000),(214196,2,395,2,5.20,0.0000),(214196,3,335,16,7.40,0.0500),(214196,4,185,16,4.30,0.0000),(214196,5,239,5,15.30,0.0000),(214196,6,263,17,6.70,0.0500),(214197,1,107,9,9.50,0.0000),(214197,2,458,4,14.70,0.0000),(214198,1,338,19,8.20,0.0500),(214198,2,380,11,9.30,0.1500),(214198,3,146,15,9.10,0.1500),(214198,4,452,12,5.30,0.1500),(214198,5,320,11,6.70,0.1500),(214199,1,455,18,5.30,0.0000),(214199,2,113,11,8.80,0.1500),(214199,3,278,13,8.00,0.1500),(214199,4,395,15,5.20,0.1500),(214199,5,125,19,7.00,0.0500),(214199,6,188,19,3.90,0.0000),(214199,7,167,16,7.80,0.0500),(214200,1,254,12,8.80,0.1500),(214200,2,227,5,6.30,0.0000),(214200,3,344,6,7.00,0.0000),(214200,4,257,4,10.90,0.0000),(214201,1,254,9,8.80,0.0000),(214201,2,380,6,9.30,0.0000),(214201,3,383,14,5.50,0.1500),(214201,4,272,14,8.00,0.1500),(214201,5,221,6,5.30,0.0000),(214201,6,182,4,7.40,0.0000),(214202,1,407,1,4.50,0.0000),(214202,2,257,11,10.90,0.1500),(214202,3,197,1,19.00,0.0000),(214202,4,230,13,7.00,0.1500),(214202,5,308,20,10.20,0.2000),(214203,1,407,1,4.50,0.0000),(214203,2,416,15,6.40,0.1500),(214203,3,155,17,7.40,0.0500),(214204,1,101,20,5.50,0.2000),(214204,2,344,9,3.80,0.0000),(214204,3,305,4,15.20,0.0000),(214204,4,323,8,10.80,0.0000),(214205,1,113,17,8.80,0.0500),(214205,2,464,15,6.80,0.1500),(214205,3,146,4,13.10,0.0000),(214205,4,428,19,7.00,0.0500),(214205,5,131,16,10.90,0.0500),(214206,1,185,3,5.30,0.0000),(214206,2,242,19,7.70,0.0500),(214206,3,443,3,4.50,0.0000),(214206,4,221,2,5.30,0.0000),(214207,1,311,5,8.90,0.0000),(214207,2,191,14,11.70,0.1500),(214207,3,170,16,12.90,0.1000),(214207,4,392,14,5.70,0.1500),(214207,5,323,1,10.80,0.0000),(214207,6,173,15,11.60,0.1500),(214208,1,209,17,8.30,0.0500),(214208,2,302,16,44.50,0.2500),(214208,3,374,7,8.40,0.0000),(214208,4,221,12,5.30,0.1500),(214208,5,341,13,8.00,0.1500),(214209,1,353,18,6.00,0.0500),(214209,2,314,11,6.40,0.1500),(214209,3,206,5,12.20,0.0000),(214209,4,419,17,5.80,0.0000),(214209,5,143,2,9.90,0.0000),(214210,1,113,2,8.80,0.0000),(214210,2,407,14,5.30,0.1500),(214210,3,311,4,8.90,0.0000),(214210,4,257,15,10.90,0.1500),(214210,5,251,10,3.80,0.1500),(214211,1,254,6,8.80,0.0000),(214211,2,335,12,7.40,0.1500),(214211,3,119,18,13.30,0.1000),(214211,4,416,5,5.60,0.0000),(214211,5,308,17,10.20,0.0500),(214212,1,224,12,7.40,0.1500),(214212,2,206,6,12.20,0.0000),(214212,3,104,6,7.40,0.0000),(214212,4,452,11,4.50,0.1500),(214212,5,461,9,16.10,0.0500),(214213,1,314,15,6.40,0.1500),(214213,2,398,19,7.90,0.0500),(214213,3,431,17,6.00,0.0500),(214213,4,335,19,7.40,0.0500),(214213,5,467,9,13.90,0.0500),(214213,6,458,10,8.00,0.1500),(214214,1,443,5,4.50,0.0000),(214214,2,251,11,3.80,0.1500),(214214,3,131,4,10.90,0.0000),(214214,4,437,3,5.30,0.0000),(214215,1,407,3,4.50,0.0000),(214215,2,248,10,7.20,0.1500),(214215,3,404,14,7.80,0.1500),(214216,1,449,8,5.60,0.0000),(214216,2,398,8,5.90,0.0000),(214216,3,119,17,13.30,0.1000),(214216,4,101,14,3.90,0.1500),(214216,5,233,14,7.10,0.1500),(214217,1,416,9,5.60,0.0000),(214217,2,413,7,7.60,0.0000),(214217,3,323,13,10.80,0.1500),(214218,1,413,20,5.60,0.2000),(214219,1,134,7,10.30,0.0000),(214219,2,362,7,8.40,0.0000),(214219,3,203,16,22.70,0.1500),(214219,4,260,14,7.10,0.1500),(214219,5,110,14,5.60,0.1500),(214220,1,401,15,5.30,0.1500),(214220,2,338,15,8.20,0.1500),(214220,3,410,8,4.50,0.0000),(214220,4,443,6,4.50,0.0000),(214220,5,158,10,6.90,0.1500),(214220,6,413,19,7.60,0.0500),(214221,1,377,17,9.90,0.0500),(214221,2,431,3,7.90,0.0000),(214221,3,320,6,6.70,0.0000),(214221,4,170,18,12.90,0.1000),(214221,5,323,16,10.80,0.0500),(214222,1,470,2,15.50,0.0000),(214222,2,317,14,7.20,0.1500),(214222,3,374,11,8.40,0.1500),(214222,4,152,13,8.90,0.1500),(214223,1,440,17,5.90,0.0500),(214223,2,293,3,8.60,0.0000),(214223,3,434,15,5.30,0.1500),(214224,1,269,4,8.40,0.0000),(214224,2,338,5,8.20,0.0000),(214224,3,185,11,4.30,0.1500),(214224,4,296,10,8.80,0.1500),(214225,1,398,10,5.90,0.1500),(214225,2,419,16,6.40,0.0500),(214225,3,419,19,5.80,0.0500),(214225,4,230,4,7.00,0.0000),(214225,5,296,11,8.80,0.1500),(214226,1,314,10,6.40,0.1500),(214226,2,206,4,12.20,0.0000),(214226,3,383,10,7.20,0.1500),(214227,1,365,15,7.50,0.1500),(214227,2,230,3,7.00,0.0000),(214227,3,233,20,7.10,0.2000),(214228,1,308,12,10.20,0.1500),(214228,2,287,7,9.90,0.0000),(214229,1,353,6,13.70,0.0000),(214229,2,254,19,8.80,0.0500),(214229,3,431,11,6.00,0.1500),(214229,4,284,2,9.60,0.0000),(214230,1,470,20,15.50,0.2000),(214230,2,431,20,7.90,0.2000),(214230,3,458,5,14.70,0.0000),(214230,4,356,13,12.90,0.1500),(214230,5,413,17,7.60,0.0500),(214230,6,299,17,11.90,0.1000),(214231,1,449,13,7.60,0.1500),(214231,2,134,10,10.30,0.1500),(214231,3,389,12,5.60,0.1500),(214231,4,359,1,8.10,0.0000),(214231,5,287,13,9.90,0.1500),(214232,1,371,10,9.10,0.1500),(214232,2,125,15,7.00,0.1500),(214232,3,452,16,5.30,0.0000),(214232,4,413,14,7.60,0.1500),(214232,5,308,10,10.20,0.1500),(214233,1,185,10,4.30,0.1500),(214233,2,248,20,7.20,0.2000),(214233,3,305,10,15.20,0.1500),(214233,4,404,2,5.80,0.0000),(214233,5,155,12,7.40,0.1500),(214234,1,440,16,7.70,0.0500),(214234,2,311,9,8.90,0.0000),(214234,3,434,14,4.50,0.1500),(214234,4,389,4,5.60,0.0000),(214234,5,245,8,5.80,0.0000),(214235,1,455,20,5.30,0.2000),(214235,2,431,20,6.00,0.2000),(214235,3,206,15,12.20,0.1500),(214235,4,392,2,5.70,0.0000),(214236,1,113,16,8.80,0.0500),(214236,2,398,11,7.90,0.1500),(214236,3,434,6,5.30,0.0000),(214236,4,239,17,15.30,0.1000),(214236,5,461,6,16.10,0.0000),(214237,1,440,16,5.90,0.0000),(214237,2,380,19,9.30,0.0500),(214237,3,266,15,18.00,0.1500),(214237,4,443,1,4.50,0.0000),(214237,5,170,14,12.90,0.1500),(214238,1,107,19,9.50,0.0500),(214238,2,215,10,7.40,0.1500),(214238,3,287,7,9.90,0.0000),(214238,4,284,6,9.60,0.0000),(214239,1,395,20,5.30,0.2000),(214239,2,419,16,6.40,0.0500),(214239,3,146,9,9.10,0.0000),(214239,4,101,14,5.50,0.1500),(214239,5,308,18,10.20,0.0500),(214240,1,335,12,7.40,0.1500),(214240,2,434,1,5.30,0.0000),(214240,3,359,9,8.10,0.0000),(214240,4,251,3,3.80,0.0000),(214241,1,455,3,5.20,0.0000),(214241,2,443,16,4.50,0.0000),(214241,3,359,6,8.10,0.0000),(214241,4,152,15,8.90,0.1500),(214242,1,401,11,4.50,0.1500),(214242,2,230,14,7.00,0.1500),(214242,3,308,7,10.20,0.0000),(214242,4,404,12,7.80,0.1500),(214243,1,116,2,8.10,0.0000),(214243,2,206,11,12.20,0.1500),(214243,3,263,16,6.70,0.0500),(214243,4,179,15,12.80,0.1500),(214244,1,335,2,7.40,0.0000),(214244,2,104,13,7.40,0.1500),(214244,3,137,10,19.80,0.1500),(214244,4,263,9,6.70,0.0000),(214244,5,212,10,7.20,0.1500),(214244,6,404,3,5.80,0.0000),(214245,1,377,12,9.90,0.1500),(214245,2,293,7,8.60,0.0000),(214245,3,314,13,6.40,0.1500),(214245,4,242,16,7.70,0.0500),(214245,5,182,1,7.40,0.0000),(214246,1,278,8,8.00,0.0000),(214246,2,248,15,7.20,0.1500),(214246,3,131,17,10.90,0.0500),(214246,4,428,17,3.80,0.0000),(214247,1,368,10,9.50,0.1500),(214247,2,362,3,8.40,0.0000),(214247,3,395,2,5.30,0.0000),(214247,4,260,14,7.10,0.1500),(214247,5,248,18,7.20,0.0500),(214248,1,116,13,8.10,0.1500),(214248,2,401,12,4.50,0.1500),(214248,3,368,15,9.50,0.1500),(214248,4,242,20,7.70,0.2000),(214248,5,356,13,12.90,0.1500),(214249,1,185,20,4.30,0.2000),(214249,2,434,4,5.30,0.0000),(214249,3,359,13,12.90,0.1500),(214249,4,248,9,7.20,0.0000),(214250,1,443,4,6.60,0.0000),(214250,2,401,12,5.30,0.1500),(214250,3,419,8,5.80,0.0000),(214251,1,338,20,8.20,0.2000),(214251,2,164,9,22.00,0.0500),(214251,3,416,2,6.40,0.0000),(214252,1,242,16,7.70,0.0500),(214252,2,458,10,8.00,0.1500),(214252,3,155,17,7.40,0.0500),(214253,1,410,7,5.30,0.0000),(214253,2,455,20,5.20,0.2000),(214253,3,467,2,13.90,0.0000),(214253,4,260,15,7.10,0.1500),(214253,5,374,15,8.40,0.1500),(214254,1,224,19,7.40,0.0500),(214254,2,260,1,7.10,0.0000),(214254,3,317,8,8.10,0.0000),(214254,4,359,15,8.10,0.1500),(214255,1,113,10,8.80,0.1500),(214255,2,134,1,10.30,0.0000),(214255,3,254,3,8.80,0.0000),(214255,4,401,12,4.50,0.1500),(214255,5,467,7,13.90,0.0000),(214255,6,236,8,6.90,0.0000),(214256,1,377,6,9.90,0.0000),(214256,2,398,11,7.90,0.1500),(214256,3,131,3,10.90,0.0000),(214257,1,134,2,10.30,0.0000),(214257,2,293,9,8.60,0.0000),(214257,3,236,11,6.90,0.1500),(214257,4,203,3,22.70,0.0000),(214257,5,152,12,8.90,0.1500),(214258,1,398,11,7.90,0.1500),(214258,2,443,8,4.50,0.0000),(214258,3,233,17,7.10,0.0500),(214259,1,278,7,8.00,0.0000),(214259,2,386,16,5.60,0.0000),(214259,3,167,4,7.80,0.0000),(214260,1,116,16,8.10,0.0500),(214260,2,176,1,11.50,0.0000),(214260,3,245,7,5.80,0.0000),(214260,4,320,4,6.70,0.0000),(214261,1,380,8,9.30,0.0000),(214261,2,137,2,19.80,0.0000),(214261,3,344,8,3.80,0.0000),(214261,4,374,19,8.40,0.0500),(214261,5,386,6,5.60,0.0000),(214262,1,311,18,8.90,0.0500),(214262,2,221,3,5.30,0.0000),(214262,3,326,15,4.70,0.1500),(214262,4,386,2,5.60,0.0000),(214263,1,398,17,7.90,0.0500),(214263,2,419,14,6.40,0.1500),(214263,3,383,15,7.20,0.1500),(214263,4,437,3,5.30,0.0000),(214263,5,182,18,7.40,0.0500),(214264,1,353,18,13.70,0.1000),(214264,2,101,15,5.50,0.1500),(214264,3,236,12,6.90,0.1500),(214264,4,317,15,7.20,0.1500),(214264,5,413,8,7.60,0.0000),(214264,6,461,17,16.10,0.1000),(214265,1,314,4,6.40,0.0000),(214265,2,407,16,4.50,0.0000),(214265,3,464,12,12.30,0.1500),(214265,4,167,7,7.80,0.0000),(214266,1,269,1,8.40,0.0000),(214266,2,464,17,12.30,0.1000),(214266,3,293,8,8.60,0.0000),(214266,4,326,12,4.70,0.1500),(214267,1,470,14,15.50,0.1500),(214267,2,383,16,7.20,0.0500),(214267,3,143,10,9.90,0.1500),(214267,4,212,3,7.20,0.0000),(214268,1,440,12,7.70,0.1500),(214268,2,140,1,7.50,0.0000),(214268,3,416,13,5.60,0.1500),(214268,4,128,2,8.20,0.0000),(214269,1,443,17,6.60,0.0500),(214269,2,227,17,6.30,0.0500),(214269,3,467,5,13.90,0.0000),(214269,4,230,11,7.00,0.1500),(214269,5,392,8,5.70,0.0000),(214270,1,146,14,9.10,0.1500),(214270,2,206,13,12.20,0.1500),(214270,3,239,8,15.30,0.0500),(214270,4,326,14,4.70,0.1500),(214270,5,161,6,5.60,0.0000),(214270,6,131,8,10.90,0.0000),(214271,1,377,12,9.90,0.1500),(214271,2,389,6,5.60,0.0000),(214271,3,242,6,7.70,0.0000),(214271,4,416,12,5.60,0.1500),(214271,5,152,7,8.90,0.0000),(214272,1,116,10,8.10,0.1500),(214272,2,410,7,5.30,0.0000),(214272,3,203,13,22.70,0.1500),(214272,4,128,9,8.20,0.0000),(214272,5,404,17,7.80,0.0500),(214272,6,152,20,8.90,0.2000),(214273,1,380,4,9.30,0.0000),(214273,2,206,11,12.20,0.1500),(214273,3,161,18,5.60,0.0500),(214274,1,395,17,5.30,0.0000),(214274,2,431,17,6.00,0.0500),(214274,3,458,12,14.70,0.1500),(214274,4,404,4,7.80,0.0000),(214275,1,140,13,7.50,0.1500),(214275,2,227,18,6.30,0.0500),(214275,3,440,8,5.90,0.0000),(214275,4,212,7,7.20,0.0000),(214275,5,386,8,5.60,0.0000),(214276,1,431,14,7.90,0.1500),(214276,2,176,1,11.50,0.0000),(214276,3,170,13,12.90,0.1500),(214276,4,161,16,5.60,0.0000),(214276,5,155,4,7.40,0.0000),(214277,1,101,17,5.50,0.0000),(214277,2,137,14,19.80,0.1500),(214277,3,197,4,19.00,0.0000),(214277,4,305,17,15.20,0.1000),(214277,5,182,2,7.40,0.0000),(214278,1,407,7,5.30,0.0000),(214278,2,101,20,5.50,0.2000),(214278,3,317,7,8.10,0.0000),(214278,4,392,15,5.70,0.1500),(214279,1,227,8,6.30,0.0000),(214279,2,395,4,5.30,0.0000),(214279,3,434,11,4.50,0.1500),(214279,4,389,16,5.60,0.0000),(214279,5,209,7,8.30,0.0000),(214279,6,425,20,7.90,0.2000),(214279,7,443,20,4.50,0.2000),(214280,1,254,20,8.80,0.2000),(214280,2,413,6,5.60,0.0000),(214280,3,374,11,8.40,0.1500),(214280,4,341,15,8.00,0.1500),(214280,5,167,3,7.80,0.0000),(214281,1,425,18,7.90,0.0500),(214281,2,350,10,13.10,0.1500),(214282,1,407,3,5.30,0.0000),(214282,2,119,20,13.30,0.2000),(214282,3,323,3,10.80,0.0000),(214283,1,467,9,13.90,0.0500),(214283,2,266,13,18.00,0.1500),(214283,3,356,13,12.90,0.1500),(214283,4,437,2,5.30,0.0000),(214284,1,344,3,7.00,0.0000),(214284,2,194,14,6.50,0.1500),(214285,1,260,8,7.10,0.0000),(214285,2,305,6,15.20,0.0000),(214285,3,308,2,10.20,0.0000),(214285,4,161,19,5.60,0.0500),(214286,1,293,11,8.60,0.1500),(214286,2,209,12,8.30,0.1500),(214286,3,458,18,8.00,0.0500),(214286,4,182,9,7.40,0.0000),(214287,1,386,12,7.60,0.1500),(214287,2,392,13,7.00,0.1500),(214287,3,425,8,5.90,0.0000),(214287,4,110,20,5.60,0.2000),(214288,1,254,19,8.80,0.0500),(214288,2,347,20,8.60,0.2000),(214288,3,395,4,5.20,0.0000),(214288,4,452,16,5.30,0.0000),(214288,5,416,16,5.60,0.0000),(214288,6,428,3,3.80,0.0000),(214289,1,377,11,9.90,0.1500),(214289,2,401,20,5.30,0.2000),(214289,3,332,16,10.40,0.0500),(214289,4,335,4,7.40,0.0000),(214289,5,185,4,4.30,0.0000),(214289,6,317,9,8.10,0.0000),(214290,1,455,7,5.30,0.0000),(214290,2,113,15,8.80,0.1500),(214290,3,398,12,7.90,0.1500),(214290,4,431,11,6.00,0.1500),(214290,5,203,17,22.70,0.1500),(214290,6,173,16,11.60,0.0500),(214291,1,362,9,8.40,0.0000),(214291,2,383,3,5.50,0.0000),(214292,1,101,11,3.90,0.1500),(214292,2,404,13,5.80,0.1500),(214292,3,413,18,7.60,0.0500),(214293,1,269,6,8.40,0.0000),(214293,2,434,3,4.50,0.0000),(214293,3,383,19,7.20,0.0500),(214293,4,386,18,5.60,0.0500),(214294,1,227,5,6.30,0.0000),(214294,2,398,20,5.90,0.2000),(214294,3,413,8,5.60,0.0000),(214294,4,425,1,7.90,0.0000),(214294,5,158,4,6.90,0.0000),(214295,1,275,13,8.00,0.1500),(214295,2,344,5,7.00,0.0000),(214295,3,452,16,5.30,0.0000),(214295,4,386,9,5.60,0.0000),(214296,1,470,1,15.50,0.0000),(214296,2,146,10,13.10,0.1500),(214296,3,302,12,44.50,0.1500),(214296,4,248,8,7.20,0.0000),(214297,1,224,5,7.40,0.0000),(214297,2,206,14,12.20,0.1500),(214297,3,404,3,7.80,0.0000),(214297,4,194,18,6.50,0.0500),(214298,1,227,5,6.30,0.0000),(214298,2,230,17,7.00,0.0500),(214298,3,167,3,7.80,0.0000),(214298,4,173,9,11.60,0.0500),(214299,1,107,17,9.50,0.0500),(214299,2,362,20,8.40,0.2000),(214299,3,191,11,11.70,0.1500),(214299,4,359,19,8.10,0.0500),(214299,5,122,20,6.20,0.2000),(214300,1,443,13,6.60,0.1500),(214300,2,398,7,7.90,0.0000),(214300,3,206,7,12.20,0.0000),(214300,4,221,8,5.30,0.0000),(214301,1,371,6,9.10,0.0000),(214301,2,128,11,8.20,0.1500),(214301,3,233,1,7.10,0.0000),(214302,1,422,20,5.30,0.2000),(214302,2,314,18,6.40,0.0500),(214302,3,107,15,9.50,0.1500),(214302,4,302,11,44.50,0.1500),(214302,5,248,2,7.20,0.0000),(214303,1,401,2,4.50,0.0000),(214303,2,227,7,6.30,0.0000),(214303,3,422,14,4.50,0.1500),(214303,4,404,2,5.80,0.0000),(214304,1,245,18,5.80,0.0500),(214304,2,188,20,3.90,0.2000),(214304,3,317,3,7.20,0.0000),(214304,4,299,4,11.90,0.0000),(214305,1,410,6,5.30,0.0000),(214305,2,242,13,7.70,0.1500),(214305,3,425,19,5.90,0.0500),(214306,1,140,12,7.50,0.1500),(214306,2,413,5,5.60,0.0000),(214306,3,383,20,5.50,0.2000),(214306,4,119,1,13.30,0.0000),(214306,5,305,17,15.20,0.1000),(214306,6,152,15,8.90,0.1500),(214307,1,440,18,7.70,0.0500),(214307,2,185,9,5.30,0.0000),(214307,3,446,12,5.60,0.1500),(214307,4,350,7,13.10,0.0000),(214307,5,452,5,5.30,0.0000),(214308,1,353,17,13.70,0.1000),(214308,2,377,6,9.90,0.0000),(214308,3,401,19,5.30,0.0500),(214308,4,266,8,18.00,0.0500),(214308,5,443,9,4.50,0.0000),(214309,1,443,13,6.60,0.1500),(214309,2,215,15,7.40,0.1500),(214309,3,176,10,11.50,0.1500),(214309,4,374,10,8.40,0.1500),(214309,5,359,7,12.90,0.0000),(214310,1,407,11,4.50,0.1500),(214310,2,440,4,5.90,0.0000),(214310,3,431,14,6.00,0.1500),(214310,4,242,13,7.70,0.1500),(214310,5,425,13,5.90,0.1500),(214310,6,161,17,5.60,0.0000),(214311,1,278,5,8.00,0.0000),(214311,2,464,10,6.80,0.1500),(214311,3,290,8,8.00,0.0000),(214311,4,101,3,3.90,0.0000),(214312,1,269,6,8.40,0.0000),(214312,2,146,9,9.10,0.0000),(214312,3,341,3,8.00,0.0000),(214313,1,224,7,7.40,0.0000),(214313,2,386,16,7.60,0.0500),(214313,3,215,6,7.40,0.0000),(214313,4,299,18,11.90,0.1000),(214314,1,314,13,6.40,0.1500),(214314,2,395,1,5.30,0.0000),(214314,3,206,19,12.20,0.1000),(214314,4,266,11,18.00,0.1500),(214314,5,179,4,12.80,0.0000),(214315,1,134,18,10.30,0.0500),(214315,2,413,11,5.60,0.1500),(214315,3,146,3,9.10,0.0000),(214315,4,158,2,6.90,0.0000),(214316,1,380,10,9.30,0.1500),(214316,2,137,3,19.80,0.0000),(214317,1,443,12,6.60,0.1500),(214317,2,311,17,8.90,0.0500),(214317,3,413,2,5.60,0.0000),(214317,4,386,11,5.60,0.1500),(214317,5,296,18,8.80,0.0500),(214317,6,281,20,7.70,0.2000),(214318,1,125,17,7.00,0.0500),(214318,2,137,6,19.80,0.0500),(214318,3,317,18,7.20,0.0500),(214318,4,326,13,4.70,0.1500),(214319,1,332,11,10.40,0.1500),(214319,2,236,19,6.90,0.0500),(214319,3,257,1,10.90,0.0000),(214319,4,305,19,15.20,0.1000),(214319,5,173,9,11.60,0.0500),(214320,1,200,14,8.30,0.1500),(214320,2,407,19,4.50,0.0000),(214320,3,434,14,5.30,0.1500),(214320,4,317,14,7.20,0.1500),(214320,5,452,3,4.50,0.0000),(214320,6,404,2,5.80,0.0000),(214321,1,134,19,10.30,0.0500),(214321,2,200,16,8.30,0.0500),(214321,3,293,6,8.60,0.0000),(214322,1,116,6,8.10,0.0000),(214322,2,275,13,8.00,0.1500),(214322,3,446,10,5.60,0.1500),(214322,4,131,10,10.90,0.1500),(214323,1,422,11,5.30,0.1500),(214323,2,269,9,8.40,0.0000),(214323,3,140,10,7.50,0.1500),(214323,4,227,19,6.30,0.0500),(214323,5,251,3,3.80,0.0000),(214324,1,386,12,7.60,0.1500),(214324,2,398,6,5.90,0.0000),(214324,3,383,8,7.20,0.0000),(214324,4,320,7,6.70,0.0000),(214324,5,230,2,7.00,0.0000),(214324,6,404,9,5.80,0.0000),(214325,1,107,8,9.50,0.0000),(214325,2,383,4,5.50,0.0000),(214325,3,101,20,3.90,0.2000),(214326,1,362,11,8.40,0.1500),(214326,2,431,14,7.90,0.1500),(214326,3,395,18,5.30,0.0000),(214326,4,104,8,7.40,0.0000),(214326,5,185,8,4.30,0.0000),(214326,6,143,15,9.90,0.1500),(214327,1,371,17,9.10,0.0500),(214327,2,398,13,7.90,0.1500),(214327,3,434,2,4.50,0.0000),(214327,4,389,17,5.60,0.0000),(214328,1,113,17,8.80,0.0500),(214328,2,434,10,4.50,0.1500),(214328,3,326,3,4.70,0.0000),(214329,1,392,17,7.00,0.0500),(214329,2,332,19,10.40,0.0500),(214329,3,413,12,5.60,0.1500),(214329,4,446,3,5.60,0.0000),(214329,5,458,16,14.70,0.1000),(214330,1,443,6,6.60,0.0000),(214330,2,107,3,9.50,0.0000),(214330,3,401,15,4.50,0.1500),(214331,1,347,1,8.60,0.0000),(214331,2,407,7,4.50,0.0000),(214331,3,344,8,7.00,0.0000),(214331,4,344,3,3.80,0.0000),(214332,1,116,15,8.10,0.1500),(214332,2,443,19,6.60,0.0500),(214332,3,200,8,8.30,0.0000),(214332,4,380,4,9.30,0.0000),(214332,5,221,9,5.30,0.0000),(214332,6,404,19,5.80,0.0500),(214332,7,182,10,7.40,0.1500),(214333,1,125,20,7.00,0.2000),(214333,2,425,20,7.90,0.2000),(214333,3,197,17,19.00,0.1500),(214333,4,221,11,5.30,0.1500),(214334,1,371,3,9.10,0.0000),(214334,2,368,2,9.50,0.0000),(214334,3,449,10,5.60,0.1500),(214334,4,104,11,7.40,0.1500),(214334,5,203,2,22.70,0.0000),(214334,6,287,1,9.90,0.0000),(214335,1,440,18,7.70,0.0500),(214335,2,449,6,5.60,0.0000),(214335,3,185,17,4.30,0.0000),(214335,4,236,10,6.90,0.1500),(214336,1,125,1,7.00,0.0000),(214336,2,245,13,5.80,0.1500),(214336,3,317,12,8.10,0.1500),(214336,4,374,12,8.40,0.1500),(214336,5,458,2,8.00,0.0000),(214336,6,308,3,10.20,0.0000),(214337,1,416,16,5.60,0.0000),(214337,2,230,10,7.00,0.1500),(214337,3,131,11,10.90,0.1500),(214337,4,461,7,16.10,0.0500),(214338,1,440,12,7.70,0.1500),(214338,2,233,1,7.10,0.0000),(214339,1,434,16,4.50,0.0000),(214339,2,356,16,12.90,0.1000),(214339,3,308,2,10.20,0.0000),(214339,4,161,7,5.60,0.0000),(214340,1,116,7,8.10,0.0000),(214340,2,422,20,5.30,0.2000),(214340,3,362,6,8.40,0.0000),(214340,4,212,20,7.20,0.2000),(214340,5,287,8,9.90,0.0000),(214340,6,155,1,7.40,0.0000),(214341,1,134,8,10.30,0.0000),(214341,2,338,2,8.20,0.0000),(214341,3,428,9,7.00,0.0000),(214341,4,101,5,3.90,0.0000),(214342,1,146,8,9.10,0.0000),(214342,2,188,2,3.90,0.0000),(214342,3,233,7,7.10,0.0000),(214343,1,134,10,10.30,0.1500),(214343,2,269,15,8.40,0.1500),(214343,3,398,18,5.90,0.0500),(214343,4,119,11,13.30,0.1500),(214343,5,230,10,7.00,0.1500),(214344,1,176,7,11.50,0.0000),(214344,2,428,3,7.00,0.0000),(214344,3,179,12,12.80,0.1500),(214344,4,299,14,11.90,0.1500),(214344,5,281,15,7.70,0.1500),(214345,1,107,20,9.50,0.2000),(214345,2,245,20,5.80,0.2000),(214345,3,248,4,7.20,0.0000),(214345,4,356,14,12.90,0.1500),(214345,5,287,15,9.90,0.1500),(214346,1,293,20,8.60,0.2000),(214346,2,419,13,6.40,0.1500),(214346,3,242,7,7.70,0.0000),(214346,4,317,14,7.20,0.1500),(214347,1,344,8,7.00,0.0000),(214347,2,344,6,3.80,0.0000),(214347,3,239,4,15.30,0.0000),(214347,4,317,12,7.20,0.1500),(214347,5,170,12,12.90,0.1500),(214347,6,131,2,10.90,0.0000),(214348,1,455,19,5.30,0.0500),(214348,2,107,11,9.50,0.1500),(214348,3,437,12,4.50,0.1500),(214348,4,101,12,5.50,0.1500),(214349,1,347,19,8.60,0.0500),(214349,2,185,5,5.30,0.0000),(214349,3,176,18,11.50,0.1000),(214349,4,386,8,5.60,0.0000),(214349,5,248,4,7.20,0.0000),(214350,1,125,17,7.00,0.0500),(214350,2,176,2,11.50,0.0000),(214350,3,458,20,14.70,0.2000),(214350,4,386,13,5.60,0.1500),(214350,5,173,4,11.60,0.0000),(214351,1,422,7,5.30,0.0000),(214351,2,443,20,6.60,0.2000),(214351,3,107,4,9.50,0.0000),(214351,4,395,18,5.20,0.0000),(214351,5,302,13,44.50,0.1500),(214351,6,263,7,6.70,0.0000),(214352,1,380,3,9.30,0.0000),(214352,2,308,20,10.20,0.2000),(214352,3,152,8,8.90,0.0000),(214353,1,302,14,44.50,0.1500),(214353,2,290,18,8.00,0.0500),(214353,3,458,2,8.00,0.0000),(214353,4,161,5,5.60,0.0000),(214354,1,344,19,7.00,0.0500),(214354,2,257,19,10.90,0.1000),(214354,3,422,11,4.50,0.1500),(214354,4,317,19,8.10,0.0500),(214354,5,179,17,12.80,0.1000),(214355,1,449,6,5.60,0.0000),(214355,2,431,18,6.00,0.0500),(214355,3,383,19,5.50,0.0500),(214355,4,251,12,3.80,0.1500),(214355,5,152,18,8.90,0.0500),(214356,1,443,16,6.60,0.0500),(214356,2,209,11,8.30,0.1500),(214356,3,158,4,6.90,0.0000),(214356,4,167,15,7.80,0.1500),(214356,5,173,3,11.60,0.0000),(214357,1,344,3,7.00,0.0000),(214357,2,230,10,7.00,0.1500),(214357,3,341,20,8.00,0.2000),(214357,4,194,11,6.50,0.1500),(214358,1,197,16,19.00,0.1500),(214358,2,437,8,5.30,0.0000),(214358,3,461,19,16.10,0.1500),(214358,4,167,7,7.80,0.0000),(214359,1,455,15,5.30,0.1500),(214359,2,242,4,7.70,0.0000),(214359,3,197,6,19.00,0.0500),(214359,4,230,9,7.00,0.0000),(214360,1,449,17,7.60,0.0500),(214360,2,380,14,9.30,0.1500),(214360,3,185,20,4.30,0.2000),(214361,1,224,14,7.40,0.1500),(214361,2,146,5,9.10,0.0000),(214361,3,128,7,8.20,0.0000),(214361,4,392,13,5.70,0.1500),(214362,1,275,1,8.00,0.0000),(214362,2,332,1,10.40,0.0000),(214362,3,101,1,3.90,0.0000),(214362,4,404,6,5.80,0.0000),(214363,1,185,1,4.30,0.0000),(214363,2,197,10,19.00,0.1500),(214363,3,308,4,10.20,0.0000),(214363,4,173,10,11.60,0.1500),(214364,1,224,3,7.40,0.0000),(214364,2,311,12,8.90,0.1500),(214364,3,140,7,7.50,0.0000),(214364,4,446,19,5.60,0.0500),(214364,5,410,7,4.50,0.0000),(214365,1,437,4,4.50,0.0000),(214365,2,446,6,5.60,0.0000),(214365,3,143,2,9.90,0.0000),(214365,4,122,6,6.20,0.0000),(214366,1,407,16,5.30,0.0000),(214366,2,431,1,7.90,0.0000),(214366,3,203,1,22.70,0.0000),(214366,4,263,15,6.70,0.1500),(214366,5,170,1,12.90,0.0000),(214367,1,470,20,15.50,0.2000),(214367,2,377,19,9.90,0.0500),(214367,3,464,10,12.30,0.1500),(214367,4,101,15,3.90,0.1500),(214367,5,230,15,7.00,0.1500),(214367,6,287,1,9.90,0.0000),(214368,1,455,19,5.30,0.0500),(214368,2,107,8,9.50,0.0000),(214368,3,185,9,4.30,0.0000),(214368,4,266,4,18.00,0.0000),(214368,5,221,3,5.30,0.0000),(214368,6,110,10,5.60,0.1500),(214369,1,224,3,7.40,0.0000),(214369,2,119,17,13.30,0.1000),(214369,3,461,10,16.10,0.1500),(214369,4,179,5,12.80,0.0000),(214370,1,275,19,8.00,0.0500),(214370,2,386,14,7.60,0.1500),(214370,3,257,3,10.90,0.0000),(214370,4,179,6,12.80,0.0000),(214371,1,278,19,8.00,0.0500),(214371,2,335,19,7.40,0.0500),(214371,3,263,2,6.70,0.0000),(214372,1,191,9,11.70,0.0500),(214372,2,245,7,5.80,0.0000),(214372,3,119,13,13.30,0.1500),(214372,4,317,5,7.20,0.0000),(214372,5,404,2,7.80,0.0000),(214372,6,182,12,7.40,0.1500),(214373,1,443,15,6.60,0.1500),(214373,2,200,6,8.30,0.0000),(214373,3,398,13,7.90,0.1500),(214373,4,344,1,7.00,0.0000),(214373,5,164,13,22.00,0.1500),(214374,1,146,20,9.10,0.2000),(214374,2,251,7,3.80,0.0000),(214374,3,341,18,8.00,0.0500),(214374,4,299,20,11.90,0.2000),(214375,1,425,11,7.90,0.1500),(214375,2,350,6,13.10,0.0000),(214375,3,452,12,5.30,0.1500),(214375,4,152,16,8.90,0.0500),(214376,1,353,9,13.70,0.0500),(214376,2,419,19,6.40,0.0500),(214376,3,434,3,5.30,0.0000),(214376,4,257,2,10.90,0.0000),(214376,5,158,14,6.90,0.1500),(214377,1,224,9,7.40,0.0000),(214377,2,275,7,8.00,0.0000),(214377,3,179,8,12.80,0.0500),(214377,4,173,19,11.60,0.1000),(214378,1,362,6,8.40,0.0000),(214378,2,383,10,5.50,0.1500),(214378,3,152,3,8.90,0.0000),(214378,4,182,9,7.40,0.0000),(214379,1,458,14,14.70,0.1500),(214379,2,170,7,12.90,0.0000),(214379,3,308,10,10.20,0.1500),(214380,1,422,11,5.30,0.1500),(214380,2,395,16,5.20,0.0000),(214380,3,449,5,5.60,0.0000),(214380,4,440,1,5.90,0.0000),(214380,5,434,5,4.50,0.0000),(214381,1,455,7,5.30,0.0000),(214381,2,338,18,8.20,0.0500),(214381,3,344,17,3.80,0.0000),(214381,4,119,12,13.30,0.1500),(214381,5,452,6,4.50,0.0000),(214382,1,224,19,7.40,0.0500),(214382,2,470,14,15.50,0.1500),(214382,3,410,3,4.50,0.0000),(214382,4,305,19,15.20,0.1000),(214383,1,377,19,9.90,0.0500),(214383,2,176,17,11.50,0.0500),(214383,3,392,15,5.70,0.1500),(214384,1,278,7,8.00,0.0000),(214384,2,467,15,13.90,0.1500),(214384,3,263,5,6.70,0.0000),(214384,4,248,12,7.20,0.1500),(214384,5,428,8,3.80,0.0000),(214384,6,284,4,9.60,0.0000),(214385,1,377,5,9.90,0.0000),(214386,1,146,8,9.10,0.0000),(214386,2,245,11,5.80,0.1500),(214386,3,263,8,6.70,0.0000),(214386,4,452,16,4.50,0.0000),(214386,5,221,16,5.30,0.0000),(214386,6,413,12,7.60,0.1500),(214387,1,377,4,9.90,0.0000),(214387,2,437,19,4.50,0.0000),(214387,3,413,12,5.60,0.1500),(214387,4,185,10,4.30,0.1500),(214387,5,179,19,12.80,0.1000),(214388,1,191,5,11.70,0.0000),(214388,2,323,9,10.80,0.0000),(214388,3,437,11,5.30,0.1500),(214388,4,155,9,7.40,0.0000),(214389,1,278,3,8.00,0.0000),(214389,2,209,1,8.30,0.0000),(214389,3,266,6,18.00,0.0500),(214389,4,290,1,8.00,0.0000),(214389,5,287,7,9.90,0.0000),(214390,1,380,12,9.30,0.1500),(214390,2,104,4,7.40,0.0000),(214390,3,164,3,22.00,0.0000),(214390,4,305,14,15.20,0.1500),(214390,5,356,11,12.90,0.1500),(214391,1,440,7,7.70,0.0000),(214391,2,464,4,6.80,0.0000),(214391,3,293,20,8.60,0.2000),(214391,4,131,13,10.90,0.1500),(214392,1,449,4,7.60,0.0000),(214392,2,122,11,6.20,0.1500),(214392,3,155,20,7.40,0.2000),(214393,1,437,7,4.50,0.0000),(214393,2,395,2,5.30,0.0000),(214393,3,413,13,5.60,0.1500),(214393,4,437,6,5.30,0.0000),(214394,1,224,9,7.40,0.0000),(214394,2,203,17,22.70,0.1500),(214394,3,221,13,5.30,0.1500),(214394,4,326,20,4.70,0.2000),(214394,5,299,17,11.90,0.1000),(214395,1,422,9,5.30,0.0000),(214395,2,371,3,9.10,0.0000),(214395,3,125,6,7.00,0.0000),(214395,4,425,14,5.90,0.1500),(214395,5,443,4,4.50,0.0000),(214395,6,452,17,4.50,0.0000),(214395,7,167,17,7.80,0.0500),(214396,1,419,2,6.40,0.0000),(214396,2,137,19,19.80,0.1500),(214396,3,428,15,3.80,0.1500),(214397,1,398,10,7.90,0.1500),(214397,2,446,5,5.60,0.0000),(214397,3,242,6,7.70,0.0000),(214397,4,467,18,13.90,0.1000),(214397,5,197,19,19.00,0.1500),(214398,1,443,8,6.60,0.0000),(214398,2,446,9,5.60,0.0000),(214398,3,101,7,5.50,0.0000),(214398,4,317,19,7.20,0.0500),(214399,1,398,18,7.90,0.0500),(214399,2,395,16,5.30,0.0000),(214399,3,146,1,9.10,0.0000),(214399,4,257,2,10.90,0.0000),(214399,5,359,8,12.90,0.0500),(214400,1,422,6,5.30,0.0000),(214400,2,470,5,15.50,0.0000),(214400,3,242,2,7.70,0.0000),(214400,4,164,2,22.00,0.0000),(214401,1,104,18,7.40,0.0500),(214401,2,425,14,7.90,0.1500),(214401,3,266,19,18.00,0.1500),(214401,4,260,1,7.10,0.0000),(214401,5,263,9,6.70,0.0000),(214401,6,284,9,9.60,0.0000),(214402,1,386,14,7.60,0.1500),(214402,2,464,18,6.80,0.0500),(214402,3,266,2,18.00,0.0000),(214403,1,254,7,8.80,0.0000),(214403,2,176,5,11.50,0.0000),(214403,3,458,13,14.70,0.1500),(214403,4,284,7,9.60,0.0000),(214404,1,314,10,6.40,0.1500),(214404,2,107,19,9.50,0.0500),(214404,3,182,15,7.40,0.1500),(214405,1,392,4,7.00,0.0000),(214405,2,419,13,6.40,0.1500),(214405,3,203,2,22.70,0.0000),(214405,4,356,7,12.90,0.0000),(214405,5,131,7,10.90,0.0000),(214405,6,299,14,11.90,0.1500),(214406,1,293,10,8.60,0.1500),(214406,2,221,20,5.30,0.2000),(214406,3,305,12,15.20,0.1500),(214406,4,404,7,5.80,0.0000),(214406,5,167,3,7.80,0.0000),(214407,1,275,13,8.00,0.1500),(214407,2,356,9,12.90,0.0500),(214407,3,437,5,5.30,0.0000),(214407,4,461,6,16.10,0.0000),(214408,1,116,19,8.10,0.0500),(214408,2,353,7,13.70,0.0000),(214408,3,395,6,5.20,0.0000),(214408,4,164,9,22.00,0.0500),(214408,5,404,17,7.80,0.0500),(214409,1,272,3,8.00,0.0000),(214409,2,326,12,4.70,0.1500),(214410,1,425,16,7.90,0.0500),(214410,2,119,15,13.30,0.1500),(214410,3,179,14,12.80,0.1500),(214410,4,155,4,7.40,0.0000),(214411,1,443,6,6.60,0.0000),(214411,2,401,8,4.50,0.0000),(214411,3,419,9,5.80,0.0000),(214412,1,137,9,19.80,0.0500),(214412,2,419,18,5.80,0.0500),(214412,3,101,3,3.90,0.0000),(214412,4,308,14,10.20,0.1500),(214413,1,353,7,6.00,0.0000),(214413,2,431,4,6.00,0.0000),(214413,3,302,3,44.50,0.0500),(214413,4,443,11,4.50,0.1500),(214413,5,158,18,6.90,0.0500),(214413,6,359,17,12.90,0.1000),(214414,1,368,12,9.50,0.1500),(214414,2,227,5,6.30,0.0000),(214414,3,419,20,5.80,0.2000),(214414,4,392,14,5.70,0.1500),(214414,5,131,13,10.90,0.1500),(214415,1,215,3,7.40,0.0000),(214415,2,146,11,9.10,0.1500),(214415,3,197,20,19.00,0.2000),(214415,4,428,13,3.80,0.1500),(214416,1,278,7,8.00,0.0000),(214416,2,215,18,7.40,0.0500),(214416,3,344,11,3.80,0.1500),(214416,4,374,13,8.40,0.1500),(214417,1,200,1,8.30,0.0000),(214417,2,368,10,9.50,0.1500),(214417,3,122,20,6.20,0.2000),(214417,4,131,3,10.90,0.0000),(214418,1,107,10,9.50,0.1500),(214418,2,191,8,11.70,0.0000),(214418,3,173,1,11.60,0.0000),(214419,1,395,2,5.30,0.0000),(214419,2,293,9,8.60,0.0000),(214419,3,191,1,11.70,0.0000),(214419,4,344,8,3.80,0.0000),(214419,5,452,7,5.30,0.0000),(214420,1,101,8,5.50,0.0000),(214420,2,137,9,19.80,0.0500),(214420,3,350,3,13.10,0.0000),(214420,4,299,16,11.90,0.0500),(214421,1,314,1,6.40,0.0000),(214421,2,101,7,5.50,0.0000),(214421,3,452,9,5.30,0.0000),(214421,4,260,6,7.10,0.0000),(214422,1,383,3,7.20,0.0000),(214422,2,422,8,4.50,0.0000),(214422,3,287,11,9.90,0.1500),(214423,1,401,16,4.50,0.0000),(214423,2,407,20,4.50,0.2000),(214423,3,146,17,13.10,0.1000),(214423,4,419,17,5.80,0.0000),(214423,5,416,20,5.60,0.2000),(214423,6,296,14,8.80,0.1500),(214424,1,338,3,8.20,0.0000),(214424,2,140,14,7.50,0.1500),(214424,3,440,3,5.90,0.0000),(214424,4,314,8,6.40,0.0000),(214424,5,188,6,3.90,0.0000),(214425,1,332,9,10.40,0.0000),(214425,2,344,14,7.00,0.1500),(214425,3,119,19,13.30,0.1000),(214425,4,413,17,7.60,0.0500),(214426,1,389,13,5.60,0.1500),(214426,2,101,16,5.50,0.0000),(214426,3,158,18,6.90,0.0500),(214426,4,173,8,11.60,0.0000),(214427,1,269,2,8.40,0.0000),(214427,2,428,6,7.00,0.0000),(214427,3,422,5,4.50,0.0000),(214428,1,113,13,8.80,0.1500),(214428,2,395,4,5.30,0.0000),(214428,3,350,1,13.10,0.0000),(214428,4,203,16,22.70,0.1500),(214428,5,119,9,13.30,0.0500),(214429,1,107,2,9.50,0.0000),(214429,2,395,5,5.20,0.0000),(214429,3,332,7,10.40,0.0000),(214429,4,248,12,7.20,0.1500),(214429,5,308,6,10.20,0.0000),(214430,1,311,20,8.90,0.2000),(214430,2,146,20,9.10,0.2000),(214430,3,350,20,13.10,0.2000),(214430,4,236,6,6.90,0.0000),(214430,5,437,20,5.30,0.2000),(214431,1,377,1,9.90,0.0000),(214431,2,398,18,7.90,0.0500),(214431,3,416,10,5.60,0.1500),(214431,4,413,7,7.60,0.0000),(214431,5,392,1,5.70,0.0000),(214432,1,344,16,7.00,0.0500),(214432,2,239,8,15.30,0.0500),(214432,3,221,11,5.30,0.1500),(214432,4,251,14,3.80,0.1500),(214433,1,134,8,10.30,0.0000),(214433,2,185,4,5.30,0.0000),(214433,3,314,7,6.40,0.0000),(214434,1,455,5,5.30,0.0000),(214434,2,449,5,5.60,0.0000),(214434,3,104,16,7.40,0.0500),(214434,4,428,8,3.80,0.0000),(214435,1,392,6,7.00,0.0000),(214435,2,416,2,5.60,0.0000),(214435,3,233,15,7.10,0.1500),(214435,4,179,18,12.80,0.1000),(214436,1,254,1,8.80,0.0000),(214436,2,395,18,5.30,0.0000),(214436,3,404,7,7.80,0.0000),(214437,1,434,9,4.50,0.0000),(214437,2,266,14,18.00,0.1500),(214437,3,452,12,4.50,0.1500),(214437,4,392,14,5.70,0.1500),(214437,5,287,11,9.90,0.1500),(214437,6,194,10,6.50,0.1500),(214438,1,371,15,9.10,0.1500),(214438,2,353,18,6.00,0.0500),(214438,3,362,19,8.40,0.0500),(214438,4,410,20,4.50,0.2000),(214438,5,251,4,3.80,0.0000),(214439,1,347,7,8.60,0.0000),(214439,2,383,16,5.50,0.0000),(214440,1,242,2,7.70,0.0000),(214440,2,185,14,4.30,0.1500),(214440,3,452,18,5.30,0.0000),(214440,4,383,19,7.20,0.0500),(214440,5,416,1,6.40,0.0000),(214441,1,116,10,8.10,0.1500),(214441,2,242,3,7.70,0.0000),(214441,3,320,9,6.70,0.0000),(214441,4,326,9,4.70,0.0000),(214441,5,284,13,9.60,0.1500),(214442,1,434,11,4.50,0.1500),(214442,2,146,5,13.10,0.0000),(214442,3,242,15,7.70,0.1500),(214442,4,191,17,11.70,0.0500),(214443,1,431,18,7.90,0.0500),(214443,2,344,11,7.00,0.1500),(214443,3,320,5,6.70,0.0000),(214443,4,212,1,7.20,0.0000),(214444,1,347,8,8.60,0.0000),(214444,2,383,14,7.20,0.1500),(214444,3,308,4,10.20,0.0000),(214444,4,323,12,10.80,0.1500),(214445,1,197,2,19.00,0.0000),(214445,2,248,17,7.20,0.0500),(214446,1,425,17,7.90,0.0500),(214446,2,416,12,5.60,0.1500),(214446,3,416,3,6.40,0.0000),(214446,4,356,18,12.90,0.1000),(214446,5,437,3,5.30,0.0000),(214447,1,350,10,13.10,0.1500),(214447,2,452,4,4.50,0.0000),(214447,3,404,11,7.80,0.1500),(214448,1,311,4,8.90,0.0000),(214448,2,338,20,8.20,0.2000),(214448,3,344,4,7.00,0.0000),(214448,4,158,13,6.90,0.1500),(214448,5,182,2,7.40,0.0000),(214449,1,407,6,4.50,0.0000),(214449,2,440,13,5.90,0.1500),(214449,3,419,3,5.80,0.0000),(214450,1,353,11,13.70,0.1500),(214450,2,254,9,8.80,0.0000),(214450,3,356,17,12.90,0.1000),(214451,1,125,6,7.00,0.0000),(214451,2,416,18,5.60,0.0500),(214451,3,152,12,8.90,0.1500),(214451,4,461,13,16.10,0.1500),(214451,5,284,16,9.60,0.0500),(214452,1,449,1,7.60,0.0000),(214452,2,467,7,13.90,0.0000),(214452,3,197,18,19.00,0.1500),(214452,4,110,5,5.60,0.0000),(214453,1,107,18,9.50,0.0500),(214453,2,272,13,8.00,0.1500),(214453,3,194,10,6.50,0.1500),(214453,4,110,19,5.60,0.0500),(214454,1,365,13,7.50,0.1500),(214454,2,266,13,18.00,0.1500),(214454,3,416,6,5.60,0.0000),(214454,4,308,4,10.20,0.0000),(214455,1,401,20,4.50,0.2000),(214455,2,302,17,44.50,0.2500),(214455,3,299,9,11.90,0.0500),(214456,1,383,6,7.20,0.0000),(214456,2,359,4,12.90,0.0000),(214456,3,404,15,7.80,0.1500),(214456,4,179,18,12.80,0.1000),(214457,1,455,12,5.30,0.1500),(214457,2,401,2,5.30,0.0000),(214457,3,227,18,6.30,0.0500),(214457,4,203,6,22.70,0.0500),(214457,5,143,11,9.90,0.1500),(214457,6,458,15,8.00,0.1500),(214458,1,386,13,7.60,0.1500),(214458,2,269,17,8.40,0.0500),(214458,3,332,13,10.40,0.1500),(214458,4,176,2,11.50,0.0000),(214458,5,143,8,9.90,0.0000),(214459,1,440,20,7.70,0.2000),(214459,2,134,11,10.30,0.1500),(214459,3,254,8,8.80,0.0000),(214459,4,431,3,6.00,0.0000),(214459,5,239,4,15.30,0.0000),(214460,1,455,16,5.30,0.0000),(214460,2,398,4,7.90,0.0000),(214460,3,125,3,7.00,0.0000),(214460,4,185,2,5.30,0.0000),(214460,5,431,9,7.90,0.0000),(214460,6,431,20,6.00,0.2000),(214461,1,377,20,9.90,0.2000),(214461,2,368,8,9.50,0.0000),(214461,3,440,7,5.90,0.0000),(214461,4,101,1,5.50,0.0000),(214461,5,416,3,5.60,0.0000),(214462,1,239,10,15.30,0.1500),(214462,2,122,19,6.20,0.0500),(214462,3,392,18,5.70,0.0500),(214463,1,290,2,8.00,0.0000),(214463,2,416,6,5.60,0.0000),(214463,3,233,20,7.10,0.2000),(214463,4,341,6,8.00,0.0000),(214463,5,182,13,7.40,0.1500),(214463,6,110,5,5.60,0.0000),(214464,1,335,9,7.40,0.0000),(214464,2,191,15,11.70,0.1500),(214464,3,236,3,6.90,0.0000),(214464,4,143,18,9.90,0.0500),(214464,5,308,14,10.20,0.1500),(214465,1,116,5,8.10,0.0000),(214465,2,188,18,3.90,0.0000),(214465,3,428,19,3.80,0.0000),(214466,1,209,15,8.30,0.1500),(214466,2,383,7,7.20,0.0000),(214466,3,281,15,7.70,0.1500),(214467,1,224,9,7.40,0.0000),(214467,2,383,1,5.50,0.0000),(214467,3,101,5,5.50,0.0000),(214467,4,386,8,5.60,0.0000),(214468,1,254,2,8.80,0.0000),(214468,2,386,15,7.60,0.1500),(214468,3,191,4,11.70,0.0000),(214468,4,416,15,5.60,0.1500),(214469,1,437,1,4.50,0.0000),(214469,2,401,11,5.30,0.1500),(214469,3,392,4,7.00,0.0000),(214469,4,344,9,7.00,0.0000),(214469,5,101,7,3.90,0.0000),(214470,1,314,5,6.40,0.0000),(214470,2,215,14,7.40,0.1500),(214470,3,413,8,5.60,0.0000),(214470,4,245,20,5.80,0.2000),(214470,5,194,16,6.50,0.0500),(214471,1,134,6,10.30,0.0000),(214471,2,257,10,10.90,0.1500),(214471,3,422,18,4.50,0.0000),(214471,4,158,19,6.90,0.0500),(214471,5,248,8,7.20,0.0000),(214471,6,230,19,7.00,0.0500),(214471,7,287,15,9.90,0.1500),(214472,1,440,15,5.90,0.1500),(214472,2,380,12,9.30,0.1500),(214472,3,317,9,7.20,0.0000),(214472,4,212,12,7.20,0.1500),(214472,5,167,12,7.80,0.1500),(214473,1,407,15,4.50,0.1500),(214473,2,314,2,6.40,0.0000),(214473,3,434,1,5.30,0.0000),(214473,4,239,19,15.30,0.1000),(214474,1,413,14,5.60,0.1500),(214474,2,146,2,9.10,0.0000),(214474,3,242,12,7.70,0.1500),(214474,4,245,4,5.80,0.0000),(214474,5,308,20,10.20,0.2000),(214475,1,353,19,6.00,0.0500),(214475,2,269,6,8.40,0.0000),(214475,3,104,16,7.40,0.0500),(214475,4,458,2,14.70,0.0000),(214475,5,308,4,10.20,0.0000),(214476,1,227,1,6.30,0.0000),(214476,2,455,16,5.20,0.0000),(214476,3,263,8,6.70,0.0000),(214476,4,305,1,15.20,0.0000),(214476,5,323,2,10.80,0.0000),(214477,1,422,6,5.30,0.0000),(214477,2,437,18,4.50,0.0000),(214477,3,344,15,7.00,0.1500),(214477,4,137,5,19.80,0.0000),(214478,1,422,12,5.30,0.1500),(214478,2,407,1,5.30,0.0000),(214478,3,440,11,5.90,0.1500),(214478,4,446,7,5.60,0.0000),(214478,5,374,7,8.40,0.0000),(214479,1,134,15,10.30,0.1500),(214479,2,275,5,8.00,0.0000),(214479,3,209,9,8.30,0.0000),(214479,4,203,15,22.70,0.1500),(214479,5,326,5,4.70,0.0000),(214480,1,125,18,7.00,0.0500),(214480,2,227,1,6.30,0.0000),(214480,3,374,20,8.40,0.2000),(214480,4,173,4,11.60,0.0000),(214481,1,254,7,8.80,0.0000),(214481,2,353,5,6.00,0.0000),(214481,3,467,7,13.90,0.0000),(214481,4,410,4,4.50,0.0000),(214481,5,458,3,8.00,0.0000),(214482,1,377,12,9.90,0.1500),(214482,2,227,6,6.30,0.0000),(214482,3,188,13,3.90,0.1500),(214482,4,341,5,8.00,0.0000),(214483,1,125,3,7.00,0.0000),(214483,2,434,19,4.50,0.0000),(214483,3,122,15,6.20,0.1500),(214484,1,293,17,8.60,0.0500),(214484,2,146,7,9.10,0.0000),(214484,3,383,11,5.50,0.1500),(214485,1,422,2,5.30,0.0000),(214485,2,266,2,18.00,0.0000),(214485,3,260,13,7.10,0.1500),(214485,4,416,3,6.40,0.0000),(214486,1,176,8,11.50,0.0000),(214486,2,434,5,5.30,0.0000),(214486,3,317,15,8.10,0.1500),(214486,4,326,1,4.70,0.0000),(214486,5,404,14,5.80,0.1500),(214487,1,134,10,10.30,0.1500),(214487,2,107,10,9.50,0.1500),(214487,3,389,5,5.60,0.0000),(214487,4,422,13,4.50,0.1500),(214488,1,254,15,8.80,0.1500),(214488,2,407,10,5.30,0.1500),(214488,3,203,4,22.70,0.0000),(214488,4,386,18,5.60,0.0500),(214488,5,299,5,11.90,0.0000),(214489,1,278,1,8.00,0.0000),(214489,2,236,16,6.90,0.0500),(214489,3,413,5,7.60,0.0000),(214489,4,161,10,5.60,0.1500),(214489,5,167,3,7.80,0.0000),(214490,1,113,13,8.80,0.1500),(214490,2,431,7,6.00,0.0000),(214490,3,461,5,16.10,0.0000),(214491,1,113,6,8.80,0.0000),(214491,2,227,5,6.30,0.0000),(214491,3,446,20,5.60,0.2000),(214491,4,257,10,10.90,0.1500),(214491,5,413,18,7.60,0.0500),(214492,1,395,5,5.30,0.0000),(214492,2,215,10,7.40,0.1500),(214492,3,188,7,3.90,0.0000),(214492,4,326,12,4.70,0.1500),(214492,5,323,16,10.80,0.0500),(214493,1,254,7,8.80,0.0000),(214493,2,398,4,7.90,0.0000),(214493,3,344,1,3.80,0.0000),(214493,4,437,3,5.30,0.0000),(214494,1,332,18,10.40,0.0500),(214494,2,419,5,6.40,0.0000),(214494,3,437,3,5.30,0.0000),(214494,4,284,18,9.60,0.0500),(214495,1,398,10,7.90,0.1500),(214495,2,389,6,5.60,0.0000),(214495,3,164,6,22.00,0.0500),(214495,4,248,4,7.20,0.0000),(214496,1,224,14,7.40,0.1500),(214496,2,446,14,5.60,0.1500),(214496,3,146,18,9.10,0.0500),(214497,1,470,2,15.50,0.0000),(214497,2,365,2,7.50,0.0000),(214497,3,413,5,7.60,0.0000),(214498,1,257,15,10.90,0.1500),(214498,2,110,13,5.60,0.1500),(214498,3,284,6,9.60,0.0000),(214499,1,116,16,8.10,0.0500),(214499,2,224,5,7.40,0.0000),(214499,3,176,10,11.50,0.1500),(214499,4,191,2,11.70,0.0000),(214499,5,137,10,19.80,0.1500),(214500,1,146,10,9.10,0.1500),(214500,2,383,14,5.50,0.1500),(214500,3,437,15,5.30,0.1500),(214501,1,407,15,5.30,0.1500),(214501,2,158,13,6.90,0.1500),(214501,3,233,20,7.10,0.2000),(214502,1,464,3,6.80,0.0000),(214502,2,464,11,12.30,0.1500),(214502,3,401,11,5.30,0.1500),(214502,4,137,10,19.80,0.1500),(214502,5,413,3,7.60,0.0000),(214503,1,200,8,8.30,0.0000),(214503,2,371,13,9.10,0.1500),(214503,3,392,6,7.00,0.0000),(214503,4,242,15,7.70,0.1500),(214504,1,311,5,8.90,0.0000),(214504,2,293,8,8.60,0.0000),(214504,3,284,17,9.60,0.0500),(214505,1,332,13,10.40,0.1500),(214505,2,197,5,19.00,0.0000),(214505,3,386,18,5.60,0.0500),(214505,4,356,13,12.90,0.1500),(214506,1,278,1,8.00,0.0000),(214506,2,140,14,7.50,0.1500),(214506,3,428,20,7.00,0.2000),(214506,4,203,20,22.70,0.2000),(214507,1,269,1,8.40,0.0000),(214507,2,272,8,8.00,0.0000),(214507,3,230,18,7.00,0.0500),(214507,4,152,6,8.90,0.0000),(214507,5,461,8,16.10,0.0500),(214508,1,269,9,8.40,0.0000),(214508,2,260,12,7.10,0.1500),(214508,3,284,14,9.60,0.1500),(214509,1,470,13,15.50,0.1500),(214509,2,431,18,7.90,0.0500),(214509,3,413,2,5.60,0.0000),(214509,4,176,10,11.50,0.1500),(214509,5,344,9,7.00,0.0000),(214509,6,188,15,3.90,0.1500);

